date, pm25, pm10, o3, no2, so2, co
2023/4/2, 153, 59, , , , 6
2023/4/3, 125, 76, , , , 5
2023/4/4, 152, 66, , , , 5
2023/4/5, 141, 66, , , , 5
2023/4/6, 139, 61, , , , 5
2023/4/7, 127, 58, , , , 4
2023/4/8, 119, 50, , , , 4
2023/4/9, 111, 51, , , , 4
2023/4/10, 104, 69, , , , 6
2023/4/11, 144, 56, , , , 4
2023/4/12, 125, 59, , , , 4
2023/4/13, 129, 79, , , , 5
2023/4/14, 158, 75, , , , 5
2023/4/15, 133, 55, , , , 5
2023/4/16, 124, 51, , , , 7
2023/4/17, 114, 63, , , , 5
2023/4/18, 147, 54, , , , 5
2023/4/19, 127, 65, , , , 6
2023/4/20, 134, 73, , , , 7
2023/4/21, 149, 68, , , , 6
2023/4/22, 153, 69, , , , 5
2023/4/23, 153, 60, , , , 6
2023/4/24, 138, 61, , , , 6
2023/4/25, 132, 69, , , , 6
2023/4/26, 143, 62, , , , 7
2023/5/30, 104, 54, , , , 5
2023/5/31, 110, 69, , , , 5
2023/6/1, 142, 71, , , , 5
2023/6/2, 146, 72, , , , 6
2023/6/3, 147, 64, , , , 5
2023/6/4, 133, 62, , , , 6
2023/6/5, 113, 47, , , , 5
2023/6/6, 102, 63, , , , 5
2023/6/7, 132, 66, , , , 5
2023/6/8, 126, 66, , , , 5
2023/6/9, 138, 62, , , , 5
2023/6/10, 133, 65, , , , 5
2023/6/11, 142, 60, , , , 5
2023/6/12, 127, 51, , , , 5
2023/6/13, 128, 83, , , , 5
2023/6/14, 146, 77, , , , 6
2023/6/15, 149, 70, , , , 5
2023/6/16, 141, 70, , , , 5
2023/6/17, 142, 75, , , , 6
2023/6/18, 154, 70, , , , 6
2023/6/19, 144, 68, , , , 5
2023/6/20, 147, 73, , , , 6
2023/6/21, 134, 76, , , , 
2023/6/22, 142, 89, , , , 
2023/6/23, 157, 75, , , , 
2023/6/24, 157, 85, , , , 
2023/6/25, 136, 49, , , , 
2023/6/26, 103, 53, , , , 
2023/6/27, 113, 49, , , , 
2023/6/28, 98, 48, , , , 
2023/6/29, 92, 52, , , , 
2023/1/3, 54, 41, , , , 8
2023/1/4, 72, 67, , , , 13
2023/1/5, 99, 78, , , , 13
2023/1/6, 116, 74, , , , 10
2023/1/7, 126, 81, , , , 12
2023/1/8, 129, 65, , , , 9
2023/1/9, 109, 72, , , , 11
2023/1/10, 111, 81, , , , 11
2023/1/11, 126, 88, , , , 9
2023/1/12, 131, 72, , , , 13
2023/1/13, 121, 75, , , , 8
2023/1/14, 121, 76, , , , 8
2023/1/15, 117, 60, , , , 7
2023/1/16, 99, 71, 5, , , 12
2023/1/17, 106, 92, 19, , , 11
2023/1/18, 131, 85, 19, , , 13
2023/1/19, 133, 99, 20, , , 14
2023/1/20, 140, 86, 16, , , 12
2023/1/21, 128, 71, 16, , , 8
2023/1/22, 99, 57, 17, , , 8
2023/1/23, 88, 97, 12, , , 7
2023/1/24, 106, 61, 10, , , 6
2023/1/25, 85, 59, 6, , , 10
2023/1/26, 82, , , , , 
2023/1/30, 65, 62, 21, , , 10
2023/1/31, 96, 66, 17, , , 7
2023/2/1, 103, 68, 15, , , 8
2023/2/2, 105, 59, 18, , , 8
2023/2/3, 89, 70, 1, , , 8
2023/2/4, 101, , , , , 
2023/2/6, 123, 72, 32, , , 8
2023/2/7, 116, 65, 22, , , 7
2023/2/8, 106, 74, 22, , , 8
2023/2/9, 118, 78, 23, , , 9
2023/2/10, 125, 92, 25, , , 10
2023/2/11, 138, 77, 9, , , 6
2023/2/12, 139, 67, 8, , , 6
2023/2/13, 131, 69, 2, , , 8
2023/2/14, 122, 69, 6, , , 6
2023/2/15, 121, 66, 1, , , 7
2023/2/16, 118, 65, , , , 8
2023/2/17, 114, 73, , , , 8
2023/2/18, 129, 71, , , , 7
2023/2/19, 138, 73, , , , 8
2023/2/20, 128, 64, , , , 7
2023/2/21, 121, 56, , , , 5
2023/2/22, 113, 55, , , , 6
2023/2/23, 113, 73, , , , 9
2023/2/24, 132, 104, , , , 9
2023/2/25, 165, 55, , , , 6
2023/2/26, 106, 58, , , , 7
2023/2/27, 116, 67, , , , 7
2023/2/28, 130, 72, , , , 7
2023/3/1, 131, 66, , , , 11
2023/3/2, 153, 72, , , , 7
2023/3/3, 121, 59, , , , 7
2023/3/4, 120, 66, , , , 7
2023/3/5, 130, 61, , , , 8
2023/3/6, 122, 78, , , , 9
2023/3/7, 149, 78, , , , 8
2023/3/8, 149, 73, , , , 7
2023/3/9, 137, 80, , , , 7
2023/3/10, 152, 86, , , , 7
2023/3/11, 157, 69, , , , 7
2023/3/12, 136, 60, , , , 6
2023/3/13, 128, 79, , , , 6
2023/3/14, 153, 59, , , , 6
2023/3/15, 123, 71, , , , 5
2023/3/16, 138, 63, , , , 5
2023/3/17, 140, 54, , , , 6
2023/3/18, 118, 58, , , , 5
2023/3/19, 130, 46, , , , 5
2023/3/20, 101, 50, , , , 4
2023/3/21, 107, 53, , , , 5
2023/3/22, 110, 65, , , , 5
2023/3/23, 137, 60, , , , 6
2023/3/24, 107, 56, , , , 5
2023/3/25, 117, 72, , , , 6
2023/3/26, 130, 64, , , , 7
2023/3/27, 131, 78, , , , 6
2023/3/28, 151, 92, , , , 7
2023/3/29, 166, 83, , , , 5
2023/3/30, 158, 92, , , , 7
2023/3/31, 168, 70, , , , 6
2023/4/1, 143, 72, , , , 6
2022/12/9, 139, 75, , , , 10
2022/12/10, 147, 91, , , , 10
2022/12/11, 150, 97, , , , 10
2022/12/12, 125, 74, , , , 9
2022/12/13, 128, 70, 22, , , 12
2022/12/14, 129, 76, 16, , , 9
2022/12/15, 122, 70, , , , 11
2022/12/16, 142, 92, , , , 13
2022/12/17, 144, 89, , , , 11
2022/12/18, 137, 90, , , , 13
2022/12/19, 109, 64, , , , 7
2022/12/20, 124, 76, , , , 10
2022/12/21, 146, 79, , , , 12
2022/12/22, 130, 64, , , , 7
2022/12/23, 126, 79, , , , 13
2022/12/24, 121, 73, , , , 11
2022/12/25, 108, 63, , , , 10
2022/12/26, 115, 65, , , , 9
2022/12/27, 103, 58, , , , 8
2022/12/28, 106, 80, , , , 9
2022/12/29, 110, 66, , , , 7
2022/12/30, 92, 54, , , , 7
2022/12/31, 87, 59, , , , 8
2023/1/1, 97, 79, , , , 11
2023/1/2, 85, 47, , , , 7
2019/7/2, 49, 27, 52, 6, 1, 7
2019/7/3, 44, 21, 39, 5, 3, 7
2019/7/4, 47, 36, 59, 8, 3, 9
2019/7/5, 48, 18, 38, 7, 2, 8
2019/7/6, 42, 31, 39, 5, 4, 8
2019/7/7, 52, 27, 35, 8, 2, 8
2019/7/8, 55, 30, 50, 6, 1, 8
2019/7/9, 47, 28, 52, 8, 2, 7
2019/7/10, 49, 23, 50, 7, , 10
2019/7/11, 49, 52, 41, 5, 2, 8
2019/7/12, 49, 20, 29, 2, 1, 6
2019/7/13, 37, 20, 37, 4, 2, 8
2019/7/14, 35, 15, 43, 7, 1, 8
2019/7/15, 31, 14, 33, 4, 2, 8
2019/7/16, 39, 18, 33, , 1, 8
2019/7/17, 44, 24, 37, , 1, 8
2019/7/18, 54, 24, 39, , 4, 9
2019/4/2, 44, 47, 44, 10, 2, 8
2019/4/3, 64, 40, 38, 7, 3, 7
2019/4/4, 66, 44, 40, 9, 3, 9
2019/4/5, 68, 46, 40, 10, 1, 7
2019/4/6, 55, 55, 36, 6, 2, 5
2019/4/7, 65, 39, 42, 11, 2, 10
2019/4/8, 73, 44, 58, 16, 2, 10
2019/4/9, 69, 50, 44, 13, 3, 10
2019/4/10, 68, 51, 50, 11, 2, 8
2019/4/11, 62, 57, 45, 15, 2, 12
2019/4/12, 69, 53, 44, 13, 3, 10
2019/4/13, 82, 50, 45, 9, 4, 7
2019/4/14, 65, 49, 59, 16, 1, 10
2019/4/15, 76, 54, 43, 13, 2, 10
2019/4/16, 84, 57, 39, 14, 2, 8
2019/4/17, 90, 51, 34, 11, 4, 9
2019/4/18, 67, 36, 42, 12, 1, 8
2019/4/19, 51, 50, 37, 12, 1, 8
2019/4/20, 66, 77, 8, 35, 3, 17
2019/4/21, 86, , , , , 
2019/4/22, 55, 45, 37, 10, 1, 7
2019/4/23, 61, 45, 37, 10, 1, 8
2019/4/24, 74, 41, 26, 14, 3, 9
2019/4/25, 69, 47, 59, 15, 2, 10
2019/4/26, 67, 53, 47, 13, 1, 9
2019/4/27, 84, 47, 45, 10, 2, 9
2019/4/28, 79, 41, 43, 8, 2, 8
2019/4/29, 79, 53, 54, 10, 1, 9
2019/4/30, 91, 56, 55, 12, 1, 10
2019/5/1, 96, 40, 13, 24, 2, 10
2019/5/2, 56, 46, 45, 11, 1, 8
2019/5/3, 56, 41, 34, 8, 2, 7
2019/5/4, 46, 43, 34, 12, 2, 9
2019/5/5, 59, 45, 32, 11, 3, 8
2019/5/6, 71, 39, 41, 9, 2, 8
2019/5/7, 60, 47, 42, 13, 1, 8
2019/5/8, 63, 58, 35, 10, 2, 7
2019/5/9, 49, 38, 12, 17, 2, 10
2019/5/10, 96, , , , , 
2019/5/11, 92, , , , , 
2019/5/12, 61, 46, 23, 2, 2, 6
2019/5/13, 71, 50, 31, 10, 2, 10
2019/5/14, 94, 48, 30, 10, 3, 9
2019/5/15, 73, 52, 43, 13, 2, 8
2019/5/16, 94, 59, 42, 12, 2, 11
2019/5/17, 102, , , , , 
2019/5/18, 86, 60, 30, 2, 1, 5
2019/5/19, 72, 39, 38, 9, 2, 8
2019/5/20, 58, 48, 38, 8, 2, 7
2019/5/21, 71, 43, 37, 8, 2, 7
2019/5/22, 54, 42, 39, 10, 1, 7
2019/5/23, 64, 53, 44, 13, 2, 9
2019/5/24, 84, 51, 53, 10, 2, 9
2019/5/25, 87, 66, 25, 5, 2, 10
2019/5/26, 91, 50, 53, 5, , 8
2019/5/27, 116, 50, 43, 4, , 8
2019/5/28, 117, 48, 42, 5, , 8
2019/6/1, 131, 38, 42, 4, , 4
2019/6/2, 57, 41, 45, 8, 1, 9
2019/6/3, 100, 30, 37, 10, 2, 9
2019/6/4, 69, 29, 41, 7, 1, 8
2019/6/5, 63, 37, 29, 4, 1, 8
2019/6/6, 82, 36, 52, 7, 1, 8
2019/6/7, 74, 49, 19, 8, 1, 8
2019/6/8, 77, 51, 51, 10, 1, 10
2019/6/9, 80, 34, 52, 7, 2, 8
2019/6/10, 75, 38, 50, 7, 2, 6
2019/6/11, 80, 30, 39, 4, 1, 7
2019/6/12, 65, 33, 48, 6, 2, 7
2019/6/13, 59, 28, 42, 5, , 7
2019/6/14, 63, 29, 45, 6, 2, 7
2019/6/15, 57, 35, 55, 5, 3, 8
2019/6/16, 64, 31, 34, 10, 3, 10
2019/6/17, 67, 27, 54, 11, 3, 8
2019/6/18, 60, 32, 69, 8, 1, 8
2019/6/19, 51, 21, 39, 6, 2, 8
2019/6/20, 52, 34, 57, 6, 1, 9
2019/6/21, 65, 38, 39, 7, 2, 9
2019/6/22, 70, 54, 70, 6, 2, 7
2019/6/23, 76, 31, 61, 5, 3, 7
2019/6/24, 61, 46, 50, 5, 1, 7
2019/6/25, 67, 38, 37, 6, 4, 8
2019/6/26, 65, 22, 36, 5, 2, 7
2019/6/27, 51, 19, 34, 5, 1, 12
2019/6/28, 49, 21, 36, 5, 1, 7
2019/6/29, 52, 22, 38, 3, 1, 7
2019/6/30, 52, 21, 35, 5, 1, 8
2019/7/1, 46, 41, 12, 13, 2, 11
2019/1/7, 30, 26, 31, 7, 3, 7
2019/1/8, 84, 45, 38, 13, 3, 15
2019/1/9, 105, 52, 47, 22, 2, 12
2019/1/10, 92, 48, 42, 10, 2, 6
2019/1/11, 69, 48, 49, 10, 3, 9
2019/1/12, 73, 47, 32, 14, 2, 13
2019/1/13, 76, 32, 3, 12, 2, 13
2019/1/14, 75, , , , , 
2019/1/15, 62, , , , , 
2019/1/16, 69, , , , , 
2019/1/17, 112, , , , , 
2019/1/18, 63, , , , , 
2019/1/19, 64, , , , , 
2019/1/20, 106, , , , , 
2019/1/21, 50, 36, 32, 11, 2, 16
2019/1/22, 97, 50, 44, 26, 2, 11
2019/1/23, 89, 42, 42, 15, 3, 8
2019/1/24, 66, 43, 36, 16, 2, 11
2019/1/25, 100, 54, 37, 19, 4, 14
2019/1/26, 70, 47, 31, 18, 1, 11
2019/1/27, 53, 43, 27, 9, 1, 6
2019/1/28, 59, 38, 36, 15, 1, 10
2019/1/29, 106, 49, 46, 23, 3, 12
2019/1/30, 71, 49, 45, 24, 4, 12
2019/1/31, 55, 49, 35, 18, 2, 10
2019/2/1, 63, 45, 29, 17, 2, 12
2019/2/2, 54, 70, 2, 24, 4, 19
2019/2/3, 97, 51, 36, 19, 3, 12
2019/2/4, 82, 48, 37, 18, 3, 13
2019/2/5, 82, 52, 46, 24, 4, 13
2019/2/6, 78, 49, 36, 19, 4, 13
2019/2/7, 80, 51, 41, 17, 5, 11
2019/2/8, 90, 55, 58, 20, 3, 15
2019/2/9, 108, 60, 2, 34, 5, 22
2019/2/10, 75, 39, 39, 9, 3, 8
2019/2/11, 77, 51, 41, 12, 3, 9
2019/2/12, 59, 42, 30, 9, 4, 9
2019/2/13, 65, 55, 52, 15, 2, 9
2019/2/14, 60, 49, 38, 10, 3, 7
2019/2/15, 59, 40, 26, 9, 2, 10
2019/2/16, 56, 35, 2, 17, 2, 14
2019/2/17, 76, 48, 35, 8, 5, 7
2019/2/18, 55, 39, 29, 13, 5, 10
2019/2/19, 55, 44, 27, 10, 3, 8
2019/2/20, 52, 48, 20, 7, 2, 6
2019/2/21, 53, 46, 22, 7, 1, 7
2019/2/22, 69, 43, 17, 7, 2, 7
2019/2/23, 33, 36, 16, 7, 1, 8
2019/2/24, 50, , , , , 
2019/2/25, 88, , , , , 
2019/2/26, 61, 28, 20, 8, 2, 7
2019/2/27, 69, 48, 32, 15, 2, 13
2019/2/28, 56, 38, 34, 10, 2, 10
2019/3/1, 64, 43, 47, 13, 2, 10
2019/3/2, 51, 57, 15, 12, 2, 7
2019/3/3, 64, 45, 51, 9, 2, 7
2019/3/4, 66, 31, 48, 17, 3, 13
2019/3/5, 65, 32, 40, 12, 3, 9
2019/3/6, 83, 32, 65, 17, 3, 11
2019/3/7, 74, 32, 43, 14, 2, 8
2019/3/8, 76, 32, 47, 18, 3, 12
2019/3/9, 73, 32, 45, 14, 2, 10
2019/3/10, 69, 32, 39, 15, 2, 9
2019/3/11, 69, 32, 47, 13, 3, 10
2019/3/12, 90, 44, 42, 13, 2, 11
2019/3/13, 77, 53, 37, 8, 3, 8
2019/3/14, 68, 46, 36, 6, 2, 8
2019/3/15, 73, 43, 39, 8, 2, 7
2019/3/16, 73, 46, 29, 9, 1, 7
2019/3/17, 63, 37, 27, 6, 1, 6
2019/3/18, 75, 41, 31, 9, 3, 9
2019/3/19, 64, 39, 28, 6, 1, 7
2019/3/20, 44, 35, 38, 8, 1, 8
2019/3/21, 54, 40, 34, 9, 1, 9
2019/3/22, 31, 33, 30, 5, 2, 6
2019/3/23, 49, 39, 29, 8, 2, 8
2019/3/24, 48, 36, 40, 10, 4, 7
2019/3/25, 63, 39, 45, 10, 2, 9
2019/3/26, 82, 51, 51, 13, 2, 9
2019/3/27, 80, 51, 49, 12, 2, 8
2019/3/28, 81, 49, 51, 10, 3, 8
2019/3/29, 86, 60, 78, 18, 4, 9
2019/3/30, 74, 52, 48, 16, 3, 8
2019/3/31, 74, 49, 58, 20, 3, 10
2019/4/1, 56, 36, 48, 12, 3, 8
2018/11/8, 59, 37, 33, 15, 2, 10
2018/11/9, 63, 42, 44, 11, 1, 11
2018/11/10, 71, 47, 2, 14, 1, 19
2018/11/11, 80, 35, 48, 12, 2, 9
2018/11/12, 55, 35, 49, 9, 1, 9
2018/11/13, 59, 40, 26, 13, 4, 12
2018/11/14, 61, 24, 37, 9, 3, 10
2018/11/15, 32, 34, 26, 6, 1, 7
2018/11/16, 56, 62, 41, 11, 3, 10
2018/11/17, 96, 47, 44, 19, 2, 17
2018/11/18, 85, 47, 69, 15, 3, 15
2018/11/19, 104, 45, 46, 14, 3, 14
2018/11/20, 78, 59, 42, 14, 5, 13
2018/11/21, 99, 63, 35, 15, 4, 16
2018/11/22, 94, 52, 53, 19, 5, 14
2018/11/23, 81, 56, 65, 17, 4, 17
2018/11/24, 87, 50, 68, 18, 3, 20
2018/11/25, 112, 44, 34, 16, 2, 12
2018/11/26, 68, 62, 32, 11, 2, 13
2018/11/27, 101, 52, 43, 15, 1, 16
2018/11/28, 76, 22, 29, 12, 1, 13
2018/11/29, 43, 13, 15, 7, 1, 8
2018/11/30, 28, 26, 20, 4, 1, 8
2018/12/1, 42, 58, 34, 8, 3, 9
2018/12/2, 83, 43, 2, 16, 2, 25
2018/12/3, 61, 52, 57, 13, 3, 17
2018/12/4, 97, 51, 49, 21, 2, 19
2018/12/5, 90, 46, 33, 19, 2, 17
2018/12/6, 80, 37, 39, 13, 4, 11
2018/12/7, 70, 51, 33, 11, 5, 10
2018/12/8, 81, 32, 29, 15, 8, 13
2018/12/9, 42, 45, 25, 10, 11, 11
2018/12/10, 69, 43, 34, 10, 2, 16
2018/12/11, 68, 54, 31, 11, 3, 15
2018/12/12, 100, 47, 37, 15, 2, 12
2018/12/13, 91, 33, 19, 14, 6, 13
2018/12/14, 46, 51, 20, 8, 1, 11
2018/12/15, 68, 42, 1, 10, , 25
2018/12/16, 62, 54, 42, 13, , 16
2018/12/17, 105, 69, 48, 19, 2, 16
2018/12/18, 100, 40, 58, 22, 2, 18
2018/12/19, 64, 44, 32, 13, 2, 11
2018/12/20, 61, 44, 32, 13, 4, 14
2018/12/21, 111, 43, 36, 13, 1, 11
2018/12/22, 77, 71, 41, 17, 3, 16
2018/12/23, 137, 65, 61, 29, 9, 20
2018/12/24, 155, 63, 65, 28, 5, 21
2018/12/25, 109, 142, 39, 20, 2, 19
2018/12/26, 257, 43, 67, 20, 4, 24
2018/12/27, 81, 42, 27, 13, 2, 11
2018/12/28, 68, 48, 20, 13, 2, 12
2018/12/29, 104, 56, 29, 13, 4, 14
2018/12/30, 100, 39, 39, 15, 2, 12
2018/12/31, 60, , 28, 10, 1, 11
2018/7/2, 86, , 32, 9, , 8
2018/7/3, 86, , 42, 7, 1, 6
2018/7/4, 86, , 41, 9, 1, 7
2018/7/5, 86, , 31, 9, 1, 7
2018/7/6, 86, , 26, 8, , 6
2018/7/7, 86, , 23, 8, , 7
2018/7/8, 86, , 32, 7, 1, 6
2018/7/9, 54, , 26, 9, 1, 8
2018/8/16, 56, , 39, 6, 2, 5
2018/8/17, 82, , 38, 7, 2, 6
2018/8/18, 67, , 41, 7, 2, 6
2018/8/19, 64, , 40, 6, 1, 7
2018/8/20, 66, , 38, 6, 1, 7
2018/8/21, 52, , 39, 5, 1, 5
2018/8/25, 58, , 42, 7, 1, 6
2018/8/26, 70, , 32, 6, 1, 6
2018/8/27, 64, , 40, 7, 2, 8
2018/8/28, 71, , 41, 5, 1, 6
2018/8/29, 62, , 39, 7, 1, 7
2018/8/30, 58, , 29, 8, 2, 8
2018/5/19, 81, , , , , 
2018/5/20, 123, , , , , 
2018/5/21, 68, , , , , 
2018/5/22, 113, , , , , 
2018/5/23, 109, , , , , 
2018/5/24, 141, , , 9, 4, 7
2018/5/25, 123, , 47, 9, 9, 8
2018/5/26, 114, , 58, 12, 6, 9
2018/5/27, 196, , 71, 9, 4, 9
2018/5/28, 134, , 78, 9, 4, 9
2018/5/29, 159, , 54, 9, 2, 8
2018/5/30, 121, , 67, 12, 5, 9
2018/5/31, 119, , 58, 10, 4, 9
2018/6/1, 131, , 22, 7, 2, 9
2018/6/2, 115, , 41, 5, 4, 6
2018/6/3, 109, , 36, 9, 4, 7
2018/6/4, 134, , 38, 5, 5, 7
2018/6/5, 94, , 53, 6, 5, 7
2018/6/6, 109, , 51, 7, 5, 7
2018/6/7, 140, , 17, 8, 6, 7
2018/6/14, 48, , 39, 10, 1, 7
2018/6/15, 57, , 34, 9, 1, 6
2018/6/16, 56, , 34, 7, 1, 6
2018/6/17, 44, , 35, 7, 2, 6
2018/6/18, 52, , 40, 9, 2, 6
2018/6/19, 58, , 24, 10, 20, 7
2018/6/20, 39, , 28, 11, 2, 7
2018/6/21, 49, , 34, 12, 1, 7
2018/6/22, 55, , 30, 11, 1, 6
2018/6/23, 67, , , , , 
2018/6/25, 56, , 22, 10, 1, 6
2018/6/26, 43, , 27, 10, 1, 7
2018/6/27, 45, , 30, 9, , 8
2018/6/28, 41, , 33, 10, , 10
2018/6/29, 52, , 15, 11, 3, 8
2018/6/30, 70, , , , , 
2018/1/24, 118, 56, 41, 23, 2, 13
2018/1/25, 105, 42, 39, 15, 5, 10
2018/1/26, 78, 29, 24, 13, 5, 10
2018/1/27, 114, 45, 37, 21, 3, 13
2018/1/28, 131, 53, 58, 23, 4, 13
2018/1/29, 77, 23, 29, 16, 2, 9
2018/1/30, 45, , , , , 
2024/4/7, , 30, , , , 
2024/4/8, , 43, , , , 
2024/4/9, , 47, , , , 
2024/4/10, , 50, , , , 
2024/4/11, , 37, , , , 
2024/4/12, , 44, , , , 
2024/4/13, , 44, , , , 
2024/1/2, , 43, , , , 
2024/1/3, , 44, , , , 
2024/1/4, , 41, , , , 
2024/1/5, , 34, , , , 
2024/1/6, , 37, , , , 
2024/1/7, , 32, , , , 
2024/1/8, , 32, , , , 
2024/1/9, , 32, , , , 
2024/1/10, , 38, , , , 
2024/1/11, , 42, , , , 
2024/1/12, , 36, , , , 
2024/1/13, , 50, , , , 
2024/1/14, , 46, , , , 
2024/1/15, , 49, , , , 
2024/1/16, , 50, , , , 
2024/1/17, , 60, , , , 
2024/1/31, , 88, , , , 
2024/2/1, , 64, , , , 
2024/2/2, , 49, , , , 
2024/2/3, , 35, , , , 
2024/2/4, , 26, , , , 
2024/2/5, , 36, , , , 
2024/2/6, , 41, , , , 
2024/2/7, , 51, , , , 
2024/2/8, , 56, , , , 
2024/2/9, , 48, , , , 
2024/2/10, , 60, , , , 
2024/2/11, , 43, , , , 
2024/2/12, , 33, , , , 
2024/2/13, , 65, , , , 
2024/2/14, , 37, , , , 
2024/2/15, , 26, , , , 
2024/2/16, , 25, , , , 
2024/2/17, , 11, , , , 
2024/2/18, , 16, , , , 
2024/2/19, , 19, , , , 
2024/2/20, , 39, , , , 
2024/2/21, , 45, , , , 
2024/2/22, , 51, , , , 
2024/2/23, , 45, , , , 
2024/2/24, , 54, , , , 
2024/2/25, , 53, , , , 
2024/2/26, , 47, , , , 
2024/2/27, , 52, , , , 
2024/2/28, , 52, , , , 
2024/2/29, , 54, , , , 
2024/3/1, , 52, , , , 
2024/3/2, , 61, , , , 
2024/3/3, , 40, , , , 
2024/3/4, , 36, , , , 
2024/3/5, , 36, , , , 
2024/3/6, , 49, , , , 
2024/3/7, , 40, , , , 
2024/3/8, , 37, , , , 
2024/3/9, , 38, , , , 
2024/3/10, , 46, , , , 
2024/3/11, , 38, , , , 
2024/3/12, , 48, , , , 
2024/3/13, , 42, , , , 
2024/3/14, , 45, , , , 
2024/3/15, , 55, , , , 
2024/3/16, , 47, , , , 
2024/3/17, , 41, , , , 
2024/3/18, , 33, , , , 
2023/10/2, , 75, , , , 
2023/10/3, , 34, , , , 
2023/10/4, , 48, , , , 
2023/10/5, , 27, , , , 
2023/10/6, , 34, , , , 
2023/10/7, , 30, , , , 
2023/10/8, , 22, , , , 
2023/10/9, , 17, , , , 
2023/10/10, , 24, , , , 
2023/10/11, , 19, , , , 
2023/10/12, , 17, , , , 
2023/10/13, , 24, , , , 
2023/10/14, , 39, , , , 
2023/10/15, , 37, , , , 
2023/10/16, , 21, , , , 
2023/10/17, , 23, , , , 
2023/10/18, , 29, , , , 
2023/10/19, , 54, , , , 
2023/10/20, , 33, , , , 
2023/10/21, , 28, , , , 
2023/10/22, , 15, , , , 
2023/10/23, , 36, , , , 
2023/10/24, , 37, , , , 
2023/10/25, , 45, , , , 
2023/10/26, , 51, , , , 
2023/10/27, , 54, , , , 
2023/10/28, , 31, , , , 
2023/10/29, , 27, , , , 
2023/10/30, , 56, , , , 
2023/10/31, , 43, , , , 
2023/11/1, , 50, , , , 
2023/11/2, , 64, , , , 
2023/11/3, , 42, , , , 
2023/11/4, , 52, , , , 
2023/11/5, , 45, , , , 
2023/11/6, , 41, , , , 
2023/11/7, , 59, , , , 
2023/11/8, , 75, , , , 
2023/11/9, , 52, , , , 
2023/11/10, , 36, , , , 
2023/11/11, , 43, , , , 
2023/11/12, , 30, , , , 
2023/11/13, , 26, , , , 
2023/11/14, , 28, , , , 
2023/11/15, , 47, , , , 
2023/11/16, , 45, , , , 
2023/11/17, , 47, , , , 
2023/11/18, , 49, , , , 
2023/11/19, , 48, , , , 
2023/11/21, , 34, , , , 
2023/11/22, , 47, , , , 
2023/11/23, , 39, , , , 
2023/11/24, , 28, , , , 
2023/11/25, , 41, , , , 
2023/11/26, , 49, , , , 
2023/11/27, , 42, , , , 
2023/11/28, , 48, , , , 
2023/11/29, , 44, , , , 
2023/11/30, , 37, , , , 
2023/12/1, , 30, , , , 
2023/12/2, , 39, , , , 
2023/12/3, , 51, , , , 
2023/12/4, , 28, , , , 
2023/12/5, , 13, , , , 
2023/12/6, , 18, , , , 
2023/12/7, , 19, , , , 
2023/12/8, , 10, , , , 
2023/12/9, , 29, , , , 
2023/12/10, , 37, , , , 
2023/12/11, , 34, , , , 
2023/12/12, , 23, , , , 
2023/12/13, , 20, , , , 
2023/12/14, , 32, , , , 
2023/12/15, , 36, , , , 
2023/12/16, , 34, , , , 
2023/12/17, , 26, , , , 
2023/12/18, , 23, , , , 
2023/12/19, , 40, , , , 
2023/12/20, , 36, , , , 
2023/12/21, , 59, , , , 
2023/12/22, , 54, , , , 
2023/12/23, , 46, , , , 
2023/12/24, , 43, , , , 
2023/12/25, , 21, , , , 
2023/12/26, , 48, , , , 
2023/12/27, , 19, , , , 
2023/12/28, , 31, , , , 
2023/12/29, , 33, , , , 
2023/12/30, , 37, , , , 
2023/12/31, , 24, , , , 
2023/7/5, , 37, , , , 
2023/7/6, , 31, , , , 
2023/7/7, , 44, , , , 
2023/7/8, , 42, , , , 
2023/7/9, , 46, , , , 
2023/7/10, , 30, , , , 
2023/7/11, , 26, , , , 
2023/7/12, , 28, , , , 
2023/7/13, , 25, , , , 
2023/7/14, , 31, , , , 
2023/7/15, , 42, , , , 
2023/7/16, , 36, , , , 
2023/7/17, , 46, , , , 
2023/7/18, , 48, , , , 
2023/7/19, , 49, , , , 
2023/7/20, , 51, , , , 
2023/7/21, , 43, , , , 
2023/7/22, , 46, , , , 
2023/7/23, , 33, , , , 
2023/7/24, , 29, , , , 
2023/7/25, , 32, , , , 
2023/7/26, , 29, , , , 
2023/7/27, , 25, , , , 
2023/7/28, , 29, , , , 
2023/7/29, , 40, , , , 
2023/7/30, , 29, , , , 
2023/7/31, , 25, , , , 
2023/8/1, , 26, , , , 
2023/8/2, , 35, , , , 
2023/8/3, , 36, , , , 
2023/8/4, , 30, , , , 
2023/8/5, , 25, , , , 
2023/8/6, , 24, , , , 
2023/8/7, , 26, , , , 
2023/8/8, , 31, , , , 
2023/8/9, , 41, , , , 
2023/8/10, , 69, , , , 
2023/8/11, , 41, , , , 
2023/8/16, , 60, , , , 
2023/8/17, , 45, , , , 
2023/8/18, , 30, , , , 
2023/8/19, , 25, , , , 
2023/8/20, , 21, , , , 
2023/8/21, , 17, , , , 
2023/8/23, , 37, , , , 
2023/8/24, , 40, , , , 
2023/8/25, , 24, , , , 
2023/8/26, , 35, , , , 
2023/8/27, , 29, , , , 
2023/8/28, , 33, , , , 
2023/8/29, , 30, , , , 
2023/8/30, , 34, , , , 
2023/8/31, , 48, , , , 
2023/9/1, , 26, , , , 
2023/9/2, , 30, , , , 
2023/9/3, , 32, , , , 
2023/9/4, , 40, , , , 
2023/9/5, , 37, , , , 
2023/9/6, , 40, , , , 
2023/9/7, , 32, , , , 
2023/9/8, , 26, , , , 
2023/9/9, , 35, , , , 
2023/9/10, , 32, , , , 
2023/9/11, , 29, , , , 
2023/9/12, , 40, , , , 
2023/9/13, , 41, , , , 
2023/9/14, , 43, , , , 
2023/9/15, , 42, , , , 
2023/9/16, , 47, , , , 
2023/9/17, , 33, , , , 
2023/9/18, , 24, , , , 
2023/9/19, , 34, , , , 
2023/9/20, , 33, , , , 
2023/9/21, , 33, , , , 
2023/9/22, , 37, , , , 
2023/9/23, , 39, , , , 
2023/9/24, , 38, , , , 
2023/9/25, , 71, , , , 
2023/9/26, , 47, , , , 
2023/9/27, , 37, , , , 
2023/9/28, , 44, , , , 
2023/9/29, , 41, , , , 
2023/9/30, , 41, , , , 
2023/10/1, , 44, , , , 
2023/4/27, , 71, , , , 6
2023/4/28, , 78, , , , 6
2023/4/29, , 65, , , , 7
2023/4/30, , 86, , , , 5
2023/5/1, , 82, , , , 5
2023/5/2, , 74, , , , 6
2023/5/3, , 91, , , , 7
2023/5/4, , 97, , , , 6
2023/5/5, , 84, , , , 6
2023/5/6, , 79, , , , 6
2023/5/7, , 65, , , , 5
2023/5/8, , 69, , , , 5
2023/5/9, , 63, , , , 5
2023/5/10, , 76, , , , 5
2023/5/11, , 60, , , , 5
2023/5/12, , 61, , , , 6
2023/5/13, , 81, , , , 6
2023/5/14, , 65, , , , 6
2023/5/15, , 59, , , , 5
2023/5/16, , 70, , , , 5
2023/5/17, , 63, , , , 5
2023/5/18, , 57, , , , 5
2023/5/19, , 71, , , , 5
2023/5/20, , 48, , , , 5
2023/5/21, , 36, , , , 4
2023/5/22, , 56, , , , 5
2023/5/23, , 54, , , , 4
2023/5/24, , 63, , , , 5
2023/5/25, , 76, , , , 6
2023/5/26, , 73, , , , 5
2023/5/27, , 67, , , , 5
2023/5/28, , 66, , , , 5
2023/5/29, , 57, , , , 5
2023/6/30, , 28, , , , 
2023/1/29, , 36, 13, , , 6
2023/2/5, , 82, 30, , , 8
2022/10/29, , 61, 37, , , 10
2022/10/30, , 59, 54, , , 8
2022/10/31, , 45, 41, , , 6
2022/11/1, , 55, 31, , , 8
2022/11/2, , 108, 75, , , 10
2022/11/3, , 59, 47, , , 7
2022/11/4, , 66, 82, , , 9
2022/11/5, , 64, 39, , , 9
2022/11/6, , 79, 67, , , 11
2022/11/7, , 72, 47, , , 11
2022/11/8, , 77, 47, , , 11
2022/11/9, , 64, 35, , , 8
2022/11/10, , 54, 40, , , 7
2022/11/11, , 65, 50, , , 10
2022/11/12, , 65, , , , 
2022/11/13, , 74, , , , 
2022/11/16, , 65, 18, , , 
2022/11/17, , 57, 39, , , 
2022/11/18, , 76, 47, , , 9
2022/11/19, , 59, 45, , , 9
2022/11/20, , 68, , , , 8
2022/11/21, , 37, , , , 6
2022/11/22, , 33, , , , 6
2022/11/23, , 33, 18, , , 5
2022/11/24, , 53, , , , 7
2022/11/25, , 52, , , , 9
2022/11/26, , 53, , , , 8
2022/11/27, , 52, , , , 8
2022/11/28, , 48, , , , 9
2022/11/29, , 58, , , , 9
2022/11/30, , 60, , , , 9
2022/12/1, , 65, , , , 10
2022/12/2, , 51, , , , 6
2022/12/3, , 50, , , , 7
2022/12/4, , 58, , , , 7
2022/12/5, , 39, , , , 7
2022/12/6, , 69, , , , 9
2022/12/7, , 82, , , , 9
2022/12/8, , 72, , , , 9
2022/4/2, , 61, 22, , , 7
2022/4/3, , 57, 21, , , 7
2022/4/4, , 36, 16, , , 8
2022/4/5, , 62, 17, , , 5
2022/4/6, , 53, 19, , , 5
2022/4/7, , 45, , , , 
2022/4/13, , 39, 15, , , 
2022/4/14, , 31, 22, , , 
2022/4/15, , 34, 17, , , 
2022/4/16, , 25, 7, , , 
2022/4/17, , 36, , , , 
2022/4/20, , 55, 19, , , 
2022/4/21, , 47, 23, , , 
2022/4/22, , 50, 27, , , 
2022/4/23, , 52, 18, , , 
2022/4/24, , 44, 17, , , 
2022/4/25, , 44, 23, , , 
2022/4/26, , 38, 18, , , 
2022/4/27, , 58, 23, , , 
2022/4/28, , 33, 20, , , 
2022/4/29, , 43, 20, , , 
2022/4/30, , 42, 31, , , 
2022/5/1, , 49, 12, , , 
2022/5/2, , 37, 17, , , 
2022/5/3, , 51, 18, , , 
2022/5/4, , 26, 19, , , 
2022/5/5, , 55, 20, , , 
2022/5/6, , 43, 20, , , 
2022/5/7, , 54, 21, , , 
2022/5/8, , 48, 20, , , 
2022/5/9, , 37, 18, , , 
2022/5/10, , 52, 26, , , 
2022/5/11, , 65, 17, , , 
2022/5/12, , 61, 18, , , 
2022/5/13, , 44, 25, , , 
2022/5/14, , 49, 23, , , 
2022/5/15, , 48, 9, , , 
2022/5/16, , 42, 24, , , 
2022/5/17, , 55, 51, , , 
2022/5/18, , 45, 69, , , 
2022/5/19, , 45, 60, , , 
2022/5/20, , 44, 70, , , 
2022/5/21, , 50, 70, , , 
2022/5/22, , 37, 68, , , 
2022/5/23, , 45, 21, , , 
2022/5/24, , 26, 56, , , 
2022/1/4, , 55, , , , 
2022/1/5, , 61, , , , 
2022/1/6, , 59, , , , 
2022/1/7, , 62, , , , 
2022/1/8, , 70, , , , 
2022/1/9, , 55, , , , 
2022/1/10, , 37, , , , 
2022/1/11, , 56, , , , 
2022/1/12, , 39, , , , 
2022/1/13, , 46, , , , 
2022/1/14, , 50, , , , 
2022/1/15, , 50, , , , 
2022/1/16, , 53, , , , 
2022/1/17, , 61, , , , 
2022/1/18, , 53, , , , 
2022/1/19, , 46, , , , 
2022/1/20, , 43, , , , 
2022/1/21, , 53, , , , 
2022/1/22, , 53, , , , 
2022/1/23, , 48, , , , 
2022/1/24, , 23, , , , 
2022/1/25, , 54, , , , 
2022/1/26, , 27, , , , 
2022/1/27, , 47, , , , 
2022/1/28, , 32, , , , 
2022/1/29, , 57, , , , 
2022/1/30, , 55, , , , 
2022/1/31, , 39, 20, , , 4
2022/2/1, , 56, 23, , , 6
2022/2/2, , 52, 25, , , 6
2022/2/3, , 30, 27, , , 6
2022/2/4, , 46, 9, , , 8
2022/2/5, , 33, , , , 
2022/2/8, , 37, 28, , , 8
2022/2/9, , 44, 25, , , 10
2022/2/10, , 44, 27, , , 8
2022/2/11, , 44, 20, , , 9
2022/2/12, , 33, , , , 
2022/2/14, , 40, 29, , , 7
2022/2/15, , 39, 27, , , 6
2022/2/16, , 36, 23, , , 7
2022/2/17, , 38, 16, , , 12
2022/2/18, , 42, 20, , , 8
2022/2/19, , 39, 22, , , 8
2022/2/20, , 48, 24, , , 7
2022/2/21, , 33, 23, , , 8
2022/2/22, , 48, 28, , , 9
2022/2/23, , 46, 32, , , 8
2022/2/24, , 41, 31, , , 8
2022/2/25, , 51, 32, , , 8
2022/2/26, , 44, 7, , , 8
2022/2/27, , 43, 26, , , 11
2022/2/28, , 49, 30, , , 7
2022/3/1, , 47, 9, , , 8
2022/3/2, , 70, 28, , , 7
2022/3/3, , 46, 33, , , 8
2022/3/4, , 49, 34, , , 8
2022/3/5, , 39, , , , 
2022/3/11, , 63, 22, , , 8
2022/3/12, , 66, 18, , , 11
2022/3/13, , 74, 19, , , 6
2022/3/14, , 51, 19, , , 8
2022/3/15, , 43, 27, , , 7
2022/3/16, , 52, 20, , , 7
2022/3/17, , 52, 17, , , 6
2022/3/18, , 43, 23, , , 9
2022/3/19, , 54, 3, , , 9
2022/3/20, , 51, 19, , , 9
2022/3/21, , 60, 6, , , 6
2022/3/22, , 44, 18, , , 7
2022/3/23, , 54, 17, , , 7
2022/3/24, , 38, 18, , , 9
2022/3/25, , 58, 23, , , 6
2022/3/26, , 54, 6, , , 9
2022/3/27, , 73, 18, , , 8
2022/3/28, , 62, 18, , , 7
2022/3/29, , 22, 17, , , 6
2022/3/30, , 53, 14, , , 6
2022/3/31, , 52, 21, , , 7
2022/4/1, , 52, 23, , , 8
2021/11/24, , 50, , , , 
2021/11/25, , 28, , , , 
2021/11/26, , 45, , , , 
2021/11/27, , 27, , , , 
2021/11/28, , 38, , , , 
2021/11/29, , 30, , , , 
2021/11/30, , 39, , , , 
2021/12/1, , 44, , , , 
2021/12/2, , 35, , , , 
2021/12/3, , 40, , , , 
2021/12/4, , 38, , , , 
2021/12/5, , 45, , , , 
2021/12/6, , 24, , , , 
2021/12/7, , 44, , , , 
2021/12/8, , 31, , , , 
2021/12/9, , 38, , , , 
2021/12/10, , 48, , , , 
2021/12/11, , 63, , , , 
2021/12/12, , 55, , , , 
2021/12/13, , 46, , , , 
2021/12/14, , 71, , , , 
2021/12/15, , 65, , , , 
2021/12/16, , 75, , , , 
2021/12/17, , 75, , , , 
2021/12/18, , 65, , , , 
2021/12/19, , 62, , , , 
2021/12/20, , 47, , , , 
2021/12/21, , 43, , , , 
2021/12/22, , 57, , , , 
2021/12/23, , 60, , , , 
2021/12/24, , 74, , , , 
2021/12/25, , 72, , , , 
2021/12/26, , 71, , , , 
2021/12/27, , 53, , , , 
2021/12/28, , 44, , , , 
2021/12/29, , 49, , , , 
2021/12/30, , 44, , , , 
2021/12/31, , 63, , , , 
2022/1/1, , 51, , , , 
2022/1/2, , 68, , , , 
2022/1/3, , 40, , , , 
2021/7/2, , 21, 14, 16, , 
2021/7/3, , 20, 11, 10, , 
2021/7/4, , 14, 21, 10, , 
2021/7/5, , 22, 24, 13, , 
2021/7/6, , 26, 20, 11, , 
2021/7/7, , 21, 15, 10, , 
2021/7/8, , 25, 21, 11, , 
2021/7/9, , 26, 15, 13, , 5
2021/7/10, , 22, 21, 14, , 8
2021/7/11, , 25, 16, 12, , 6
2021/7/12, , 16, 19, 9, , 6
2021/7/13, , 14, 16, 9, , 5
2021/7/14, , 27, 19, , , 5
2021/7/15, , 27, 15, , , 7
2021/4/2, , 108, 10, , , 10
2021/4/3, , 35, 29, , , 4
2021/4/4, , 58, 35, , , 4
2021/4/5, , 44, 35, , , 5
2021/4/6, , 61, 33, , , 5
2021/4/7, , 52, 45, , , 6
2021/4/8, , 51, 36, , , 4
2021/4/9, , 51, 38, , , 5
2021/4/10, , 52, 35, , , 5
2021/4/11, , 46, 41, , , 5
2021/4/12, , 45, 34, , , 6
2021/4/13, , 56, 37, , , 8
2021/4/14, , 55, 52, , , 8
2021/4/15, , 65, 33, , , 7
2021/4/16, , 63, 31, , , 5
2021/4/17, , 56, 32, , , 5
2021/4/18, , 56, 32, , , 5
2021/4/19, , 47, 28, , , 4
2021/4/20, , 50, 32, , , 5
2021/4/21, , 50, 7, , , 4
2021/4/22, , 52, , , , 6
2021/4/23, , 55, , , , 6
2021/4/24, , 49, , , , 7
2021/4/25, , 44, , , , 7
2021/4/26, , 54, , , , 5
2021/4/27, , 51, , , , 5
2021/4/28, , 57, , , , 4
2021/4/29, , 54, , , , 4
2021/4/30, , 51, , , , 4
2021/5/1, , 47, , , , 4
2021/5/2, , 47, , , , 2
2021/5/3, , 37, , , , 5
2021/5/4, , 54, , , , 
2021/5/7, , 64, 39, , , 4
2021/5/8, , 44, , , , 
2021/5/12, , 35, 60, , , 5
2021/5/13, , 44, 47, , , 4
2021/5/14, , 28, 51, , , 3
2021/5/15, , 32, 55, , , 4
2021/5/16, , 29, 44, , , 4
2021/5/17, , 29, 47, , , 5
2021/5/18, , 39, , , , 
2021/5/20, , 37, 73, , , 5
2021/5/21, , 48, 91, , , 6
2021/5/22, , 54, 69, , , 7
2021/5/23, , 55, 82, , , 6
2021/5/24, , 50, 62, , , 5
2021/5/25, , 52, 71, , , 8
2021/5/26, , 61, 74, , , 7
2021/5/27, , 63, 91, , , 7
2021/5/28, , 66, 68, , , 5
2021/5/29, , 64, 64, , , 6
2021/5/30, , 54, 69, , , 5
2021/5/31, , 61, 56, , , 5
2021/6/1, , 64, 47, , , 5
2021/6/2, , 60, 29, , , 4
2021/6/3, , 32, 36, , , 5
2021/6/4, , 23, 59, , , 5
2021/6/5, , 24, 86, , , 5
2021/6/6, , 35, , , , 
2021/6/18, , 31, 34, , , 2
2021/6/19, , 24, 12, , , 6
2021/6/20, , 16, 36, , , 5
2021/6/21, , 15, 43, , , 4
2021/6/22, , 25, 407, , , 5
2021/6/23, , 26, 12, , 3, 5
2021/6/24, , 30, 17, 15, , 
2021/6/25, , 33, 14, 11, , 
2021/6/26, , 17, 11, 8, , 
2021/6/27, , 17, 7, 6, , 
2021/6/28, , 8, 9, 7, , 
2021/6/29, , 13, 10, 9, , 
2021/6/30, , 20, 23, 13, , 
2021/7/1, , 25, 13, 17, , 
2021/1/19, , 58, 16, 24, , 9
2021/1/20, , 47, 13, 18, , 8
2021/1/21, , 64, 12, 22, , 11
2021/1/22, , 50, 19, 17, , 9
2021/1/23, , 45, 22, 20, , 9
2021/1/24, , 61, 21, 22, , 10
2021/1/25, , 50, 18, 19, , 10
2021/1/26, , 48, 14, 17, , 8
2021/1/27, , 53, 17, 18, , 9
2021/1/28, , 71, 21, 28, , 14
2021/1/29, , 56, 19, 18, , 6
2021/1/30, , 61, 24, 19, , 5
2021/1/31, , 53, 24, 20, , 7
2021/2/1, , 49, 23, 22, , 11
2021/2/2, , 48, 16, 12, , 3
2021/2/3, , 57, 24, 18, , 6
2021/2/4, , 77, 34, 34, , 11
2021/2/5, , 50, 25, 27, , 8
2021/2/6, , 57, 24, 25, , 7
2021/2/7, , 48, 17, 19, , 7
2021/2/8, , 69, 17, 19, , 8
2021/2/9, , 50, 21, 22, , 8
2021/2/10, , 57, 24, 18, , 7
2021/2/11, , 61, 17, 23, , 7
2021/2/12, , 64, 13, , , 6
2021/2/13, , 51, 17, , , 5
2021/2/14, , 52, 17, , , 6
2021/2/15, , 52, 16, , , 6
2021/2/16, , 46, 17, 19, , 6
2021/2/17, , 65, 16, 19, , 7
2021/2/18, , 48, 24, 18, , 7
2021/2/19, , 47, 24, 17, , 6
2021/2/20, , 62, , 21, , 9
2021/2/21, , 78, , 26, , 9
2021/2/22, , 52, , 36, , 7
2021/2/23, , 63, 39, 23, , 9
2021/2/24, , 70, 59, 27, , 8
2021/2/25, , 61, 38, 23, , 7
2021/2/26, , 75, 47, 28, , 9
2021/2/27, , 59, 45, 22, , 8
2021/2/28, , 56, 38, 16, , 6
2021/3/1, , 51, 39, 16, , 7
2021/3/2, , 66, 53, 23, , 10
2021/3/3, , 69, 41, 20, , 7
2021/3/4, , 63, 40, 17, , 6
2021/3/5, , 62, 37, 19, , 6
2021/3/6, , 47, 31, 18, , 6
2021/3/7, , 55, 36, 16, , 4
2021/3/8, , 54, 33, 13, , 5
2021/3/9, , 49, 34, 16, , 6
2021/3/10, , 51, 40, 14, , 4
2021/3/11, , 60, 43, 18, , 5
2021/3/12, , 61, 56, 21, , 7
2021/3/13, , 62, 56, 19, , 6
2021/3/14, , 50, 36, 16, , 5
2021/3/15, , 51, 30, 19, , 8
2021/3/16, , 43, 30, 12, , 4
2021/3/17, , 56, 28, 22, , 5
2021/3/18, , 49, 36, , , 7
2021/3/19, , 59, 30, , , 6
2021/3/20, , 59, 33, , , 6
2021/3/21, , 58, 37, , , 5
2021/3/22, , 42, 31, , , 5
2021/3/23, , 58, 28, , , 5
2021/3/24, , 55, 19, , , 4
2021/3/25, , 49, 21, , , 3
2021/3/26, , 53, 25, , , 7
2021/3/27, , 53, 33, , , 6
2021/3/28, , 59, 40, , , 7
2021/3/29, , 56, 32, , , 8
2021/3/30, , 66, 34, , , 4
2021/3/31, , 53, 30, , , 4
2021/4/1, , 60, 37, , , 6
2020/10/2, , 38, 24, 9, 1, 5
2020/10/3, , 26, 16, 5, , 5
2020/10/4, , 24, , , , 
2020/10/8, , 54, 31, 24, 2, 12
2020/10/9, , 48, , , , 
2020/10/10, , 46, , , , 
2020/10/11, , 39, , , , 
2020/10/12, , 33, , , , 
2020/10/13, , 39, , , , 
2020/10/14, , 29, , , , 
2020/10/15, , 32, , , , 
2020/10/16, , 24, , , , 
2020/10/17, , 23, , , , 
2020/10/18, , 28, , , , 
2020/10/19, , 38, , , , 
2020/10/20, , 34, 24, , 1, 8
2020/10/21, , 33, 29, 15, 4, 7
2020/10/22, , 41, 48, 18, 5, 10
2020/10/23, , 41, 2, 25, 5, 8
2020/10/24, , 40, , , , 
2020/10/26, , 40, 49, 20, 5, 8
2020/10/27, , 48, 31, 13, 3, 15
2020/10/28, , 41, 35, 16, 5, 12
2020/10/29, , 37, 29, 19, 5, 5
2020/10/30, , 37, 27, 18, 5, 12
2020/10/31, , 41, 33, 19, 3, 6
2020/11/1, , 43, 21, 21, 4, 7
2020/11/2, , 75, 24, 10, 4, 6
2020/11/3, , 36, 29, 14, 4, 14
2020/11/4, , 45, 26, 16, 3, 8
2020/11/5, , 37, 25, 16, 4, 6
2020/11/6, , 41, 30, 19, 5, 
2020/11/7, , 46, 34, 21, 5, 
2020/11/8, , 52, 31, 19, 3, 
2020/11/9, , 36, 1, 24, 4, 
2020/11/10, , 48, 3, 28, 5, 
2020/11/11, , 45, 31, 20, 5, 
2020/11/12, , 49, 35, 28, 5, 
2020/11/13, , 54, 45, 23, 5, 
2020/11/14, , 43, 4, 21, 4, 
2020/12/1, , 53, 1, 30, 9, 
2020/12/2, , 63, 25, 25, 6, 
2020/12/3, , 51, 18, 24, 3, 
2020/12/4, , 50, 11, 18, 5, 
2020/12/5, , 32, 12, 17, 4, 
2020/12/6, , 26, 7, 19, 5, 
2020/12/7, , 36, 12, 18, 4, 
2020/12/8, , 40, 17, 23, 5, 
2020/12/9, , 42, 25, 29, 6, 
2020/12/10, , 59, 18, 22, 4, 
2020/12/11, , 41, 17, 24, 5, 
2020/7/2, , 39, 42, 14, 1, 8
2020/7/3, , 23, 29, 11, , 7
2020/7/4, , 30, 32, 7, 1, 6
2020/7/5, , 38, 36, 8, , 7
2020/7/6, , 28, 43, 11, 1, 8
2020/7/7, , 32, 31, 13, 2, 8
2020/7/8, , 23, 15, 8, 1, 7
2020/7/9, , 19, 24, 14, 1, 9
2020/7/10, , 33, 21, 7, 1, 6
2020/7/11, , 17, 26, 8, 1, 6
2020/7/12, , 26, 21, 9, , 8
2020/7/13, , 24, 49, 14, 1, 9
2020/7/14, , 33, 37, 10, , 8
2020/7/15, , 25, 30, 18, 1, 9
2020/7/16, , 33, 37, 17, 1, 9
2020/7/17, , 77, 22, 10, 1, 6
2020/7/31, , 30, 9, 10, 1, 7
2020/8/1, , 20, 22, 10, 1, 6
2020/8/2, , 37, 23, 8, , 7
2020/8/3, , 18, 23, 8, , 7
2020/8/4, , 26, 26, 9, , 6
2020/8/5, , 28, 24, 13, 1, 8
2020/8/6, , 28, 24, 13, 1, 8
2020/8/7, , 32, 21, 12, , 8
2020/8/8, , 25, 16, 12, , 8
2020/8/9, , 31, 14, 13, , 7
2020/8/10, , 16, 19, 7, 1, 7
2020/8/11, , 20, 15, 11, 1, 9
2020/8/12, , 23, 22, 7, 1, 7
2020/8/13, , 15, , , , 
2020/8/16, , 24, 23, 9, 1, 7
2020/8/17, , 18, 18, 8, , 7
2020/8/18, , 23, 14, 9, , 8
2020/8/19, , 21, 4, 7, 1, 7
2020/8/20, , 33, , , , 
2020/8/23, , 36, 26, , 1, 7
2020/8/24, , 24, 22, , 1, 7
2020/8/25, , 23, 17, , 1, 8
2020/8/26, , 22, 15, , 1, 6
2020/8/27, , 18, 11, , , 6
2020/8/28, , 16, 3, , 1, 5
2020/8/29, , 11, , , , 
2020/8/31, , 13, 16, , 1, 7
2020/9/1, , 16, 21, , 1, 8
2020/9/2, , 23, 29, , , 7
2020/9/3, , 28, 26, , 1, 8
2020/9/4, , 29, 19, , , 7
2020/9/5, , 28, 10, , , 5
2020/9/6, , 16, 15, 7, , 7
2020/9/7, , 12, 16, 12, 1, 8
2020/9/8, , 16, 23, 9, 2, 7
2020/9/9, , 20, 17, 8, 1, 7
2020/9/10, , 18, 5, 10, 2, 4
2020/9/11, , 10, , , , 
2020/9/13, , 16, 18, 11, 1, 8
2020/9/14, , 20, 21, 9, , 8
2020/9/15, , 16, 21, 11, , 7
2020/9/16, , 21, 23, 9, 1, 8
2020/9/17, , 21, 8, 10, 1, 7
2020/9/18, , 7, , , , 
2020/9/21, , 14, 20, 10, , 8
2020/9/22, , 22, 27, 11, 1, 8
2020/9/23, , 28, 9, 8, 1, 7
2020/9/24, , 16, , , , 
2020/10/1, , 29, 32, 19, 1, 9
2020/4/2, , 46, 38, 9, 1, 6
2020/4/3, , 42, 21, 5, 1, 5
2020/4/4, , 18, , , , 
2020/4/6, , 29, 29, 10, 3, 7
2020/4/7, , 41, 32, 9, 2, 6
2020/4/8, , 41, 35, 8, 1, 7
2020/4/9, , 42, 36, 8, 3, 5
2020/4/10, , 33, 29, 6, 1, 5
2020/4/11, , 31, 16, 4, 1, 5
2020/4/12, , 28, 23, 11, 1, 5
2020/4/13, , 43, 36, 7, 2, 6
2020/4/14, , 28, 45, 12, 2, 8
2020/4/15, , 48, 33, 11, 3, 8
2020/4/16, , 41, 36, 7, 3, 6
2020/4/17, , 50, 37, 8, 3, 8
2020/4/18, , 44, 16, 8, 4, 8
2020/4/19, , 52, , , , 
2020/4/21, , 40, 50, 10, 2, 7
2020/4/22, , 42, 41, 10, 2, 7
2020/4/23, , 55, 38, 7, 1, 6
2020/4/24, , 56, 47, , 2, 7
2020/4/25, , 51, 40, , 2, 7
2020/4/26, , 49, 35, 3, 2, 7
2020/4/27, , 45, 42, 6, 2, 6
2020/4/28, , 39, 34, 9, 2, 7
2020/4/29, , 48, 54, 12, 2, 8
2020/4/30, , 45, 35, 8, 1, 7
2020/5/1, , 54, 21, 9, 1, 8
2020/5/2, , 53, 40, 9, 2, 5
2020/5/3, , 43, 45, 7, 2, 7
2020/5/4, , 39, 43, 9, 2, 8
2020/5/5, , 47, 40, 9, 1, 6
2020/5/6, , 31, 36, 8, 1, 6
2020/5/7, , 23, 37, 8, 1, 6
2020/5/8, , 27, 45, 11, 2, 8
2020/5/9, , 33, 41, 6, 1, 6
2020/5/10, , 24, 39, 8, 1, 6
2020/5/11, , 29, 41, 8, 1, 6
2020/5/12, , 33, 38, 10, 4, 7
2020/5/13, , 35, 43, 11, 3, 7
2020/5/14, , 38, 43, 13, 3, 7
2020/5/15, , 42, 20, 14, 4, 7
2020/5/16, , 33, , , , 
2020/5/18, , 25, 42, 11, 2, 8
2020/5/19, , 50, 45, 10, 2, 7
2020/5/20, , 41, 25, 4, , 6
2020/5/21, , 39, 22, 8, 2, 7
2020/5/22, , 37, , , , 
2020/5/25, , 31, 44, 11, 2, 8
2020/5/26, , 40, 12, 17, 3, 8
2020/5/27, , 58, 45, 8, 3, 6
2020/5/28, , 53, 42, 11, 3, 7
2020/5/29, , 54, 22, 8, 3, 7
2020/5/30, , 67, 27, 7, 2, 6
2020/5/31, , 41, 35, 6, 1, 5
2020/6/1, , 22, 27, 7, 2, 7
2020/6/2, , 53, 47, 14, 2, 8
2020/6/3, , 35, 31, 19, 1, 7
2020/6/4, , 38, 32, 6, 1, 5
2020/6/5, , 34, 17, 9, 1, 6
2020/6/6, , 44, 42, 6, 3, 8
2020/6/7, , 51, 31, 4, , 6
2020/6/8, , 30, 33, 5, 1, 6
2020/6/9, , 34, 56, 9, 1, 7
2020/6/10, , 44, 35, 7, , 6
2020/6/11, , 22, 29, 15, 2, 8
2020/6/12, , 30, 22, 5, , 6
2020/6/13, , 27, 34, 7, , 6
2020/6/14, , 38, 43, 6, , 7
2020/6/15, , 39, 47, 9, 1, 7
2020/6/16, , 31, 50, 9, 2, 7
2020/6/17, , 34, 62, 10, 2, 8
2020/6/18, , 40, 57, 13, 2, 15
2020/6/19, , 42, 42, 13, 2, 8
2020/6/20, , 28, 39, 12, 1, 8
2020/6/21, , 37, 43, 10, 1, 8
2020/6/22, , 24, 50, 11, 1, 8
2020/6/23, , 32, 40, 11, 1, 8
2020/6/24, , 26, 28, 10, 1, 7
2020/6/25, , 27, 20, 12, 1, 7
2020/6/26, , 22, 16, 9, 1, 7
2020/6/27, , 18, 26, 7, 1, 6
2020/6/28, , 38, 26, 6, 1, 6
2020/6/29, , 43, 33, 9, 2, 7
2020/6/30, , 27, 39, 15, 2, 9
2020/7/1, , 32, 26, 13, 1, 8
2020/1/2, , 63, 25, 11, 1, 7
2020/1/3, , 13, 34, 21, 2, 12
2020/1/4, , 38, 2, 28, 3, 23
2020/1/5, , 45, , , , 
2020/1/9, , 59, 50, 30, 3, 19
2020/1/10, , 67, 26, 17, 3, 12
2020/1/11, , 42, 31, 23, 3, 15
2020/1/12, , 56, 33, 23, 3, 15
2020/1/13, , 50, 45, 22, 2, 16
2020/1/14, , 50, 44, 25, 3, 13
2020/1/15, , 59, 40, 30, 4, 16
2020/1/16, , 69, 35, 29, 3, 10
2020/1/17, , 58, 39, 18, 2, 8
2020/1/18, , 55, 31, 19, 2, 10
2020/1/19, , 46, 27, 9, 2, 6
2020/1/20, , 34, 25, 10, , 7
2020/1/21, , 24, 35, 12, 3, 6
2020/1/22, , 34, 25, 12, 2, 8
2020/1/23, , 33, 18, 17, 3, 10
2020/1/24, , 47, 2, 23, , 15
2020/1/25, , 59, 21, 10, 3, 6
2020/1/26, , 31, 20, 9, 1, 6
2020/1/27, , 25, 32, 29, 2, 9
2020/1/28, , 36, 37, 18, 2, 9
2020/1/29, , 46, 33, 14, 2, 6
2020/1/30, , 49, 21, 13, 2, 6
2020/1/31, , 43, 9, 16, , 7
2020/2/1, , 29, 25, 11, 1, 4
2020/2/2, , 45, 23, 10, 1, 8
2020/2/3, , 33, 6, 13, 3, 9
2020/2/4, , 26, 14, 10, 1, 7
2020/2/5, , 14, 13, 9, 2, 6
2020/2/6, , 19, 28, 14, 3, 10
2020/2/7, , 36, 2, 27, , 17
2020/2/8, , 65, 38, 13, 3, 8
2020/2/9, , 39, 22, 12, 3, 9
2020/2/10, , 34, 24, 9, 1, 9
2020/2/11, , 32, 27, 9, 2, 7
2020/2/12, , 40, 19, 10, 2, 7
2020/2/13, , 31, 26, 13, 2, 11
2020/2/14, , 46, 2, 21, 3, 17
2020/2/15, , 59, 46, 14, 2, 5
2020/2/16, , 48, 38, 13, 3, 10
2020/2/17, , 34, 41, 14, 2, 11
2020/2/18, , 40, 49, 17, 2, 10
2020/2/19, , 50, 44, 16, 4, 9
2020/2/20, , 43, 49, 15, 4, 9
2020/2/21, , 45, 9, 24, 2, 11
2020/2/22, , 56, 47, 12, 2, 7
2020/2/23, , 48, 29, 11, 1, 7
2020/2/24, , 30, 31, 13, 2, 9
2020/2/25, , 39, 30, 14, 3, 9
2020/2/26, , 45, 47, 16, 3, 9
2020/2/27, , 48, 36, 11, 2, 7
2020/2/28, , 48, 8, 19, 3, 8
2020/2/29, , 47, 54, 11, 2, 7
2020/3/1, , 47, 31, 12, 2, 7
2020/3/2, , 39, 36, 13, 3, 9
2020/3/3, , 42, 31, 9, 3, 7
2020/3/4, , 46, 25, 9, 3, 6
2020/3/5, , 36, 38, 15, 3, 11
2020/3/6, , 57, 36, 11, 2, 5
2020/3/7, , 52, 41, 15, 3, 7
2020/3/8, , 55, 47, 10, 2, 7
2020/3/9, , 45, 37, 10, 2, 7
2020/3/10, , 43, 41, 14, 2, 10
2020/3/11, , 53, 47, 14, 1, 8
2020/3/12, , 52, 41, 15, 2, 9
2020/3/13, , 47, 9, 23, , 8
2020/3/14, , 51, , , , 
2020/3/17, , 43, 40, 11, 2, 13
2020/3/18, , 43, , , , 
2020/3/24, , 40, 53, 11, 1, 7
2020/3/25, , 43, 72, 11, 2, 7
2020/3/26, , 49, 45, 10, 3, 7
2020/3/27, , 56, 18, 9, , 6
2020/3/28, , 59, , , , 
2019/10/2, , 12, 31, 6, 2, 8
2019/10/3, , 16, 30, 6, 1, 7
2019/10/4, , 19, 37, 6, 2, 7
2019/10/5, , 24, 42, 6, 1, 7
2019/10/6, , 20, 39, 5, 3, 8
2019/10/7, , 20, 38, 7, 2, 8
2019/10/8, , 21, 32, 7, 3, 8
2019/10/9, , 19, 39, 8, 2, 8
2019/10/10, , 24, 47, 12, 1, 9
2019/10/11, , 40, 38, 9, 1, 8
2019/10/12, , 26, 38, 6, 1, 8
2019/10/13, , 21, 41, 9, 2, 9
2019/10/14, , 22, 30, 9, 1, 11
2019/10/15, , 38, 2, 6, 3, 8
2019/10/16, , 25, 2, 6, 3, 8
2019/10/17, , 27, 2, 6, 2, 9
2019/10/18, , 23, 2, 8, 3, 11
2019/10/19, , 19, , 8, 2, 9
2019/10/20, , 19, 17, 6, 2, 9
2019/10/21, , 12, 24, 6, 3, 10
2019/10/22, , 17, 25, 5, 1, 9
2019/10/23, , 15, 22, 5, 2, 9
2019/10/24, , 17, , , , 
2019/10/25, , 29, , , , 
2019/10/26, , 24, , , , 
2019/10/27, , 24, , , , 
2019/10/28, , 22, , , , 
2019/10/29, , 29, 31, 11, , 6
2019/10/30, , 29, 27, 13, , 8
2019/10/31, , 27, 28, 11, 1, 8
2019/11/1, , 26, 22, 26, 1, 15
2019/11/2, , 36, 24, 20, , 10
2019/11/3, , 26, 26, 13, , 10
2019/11/4, , 21, 47, 18, 1, 11
2019/11/5, , 23, 29, 16, , 7
2019/11/6, , 28, 29, 15, 2, 10
2019/11/7, , 24, 27, 19, 2, 10
2019/11/8, , 29, 24, 18, 1, 13
2019/11/9, , 34, 26, 15, 2, 12
2019/11/10, , 29, 35, 17, 1, 10
2019/11/11, , 28, 35, 24, 2, 13
2019/11/12, , 41, 27, 15, 2, 9
2019/11/13, , 31, 15, 16, 1, 13
2019/11/14, , 28, 29, 15, 1, 11
2019/11/15, , 25, 2, 28, , 28
2019/11/16, , 49, 20, 21, 2, 9
2019/11/17, , 33, 22, 14, 1, 9
2019/11/18, , 21, 32, 10, 1, 8
2019/11/19, , 24, 30, 16, 1, 12
2019/11/20, , 31, 28, 15, 1, 11
2019/11/21, , 33, 2, 18, , 18
2019/11/22, , 52, , , , 
2019/11/24, , 39, 29, 19, 1, 12
2019/11/25, , 31, 35, 20, 3, 12
2019/11/26, , 41, 26, 17, 2, 10
2019/11/29, , 49, 39, 18, 3, 11
2019/11/30, , 49, 27, 15, 2, 10
2019/12/1, , 41, 29, 16, 3, 14
2019/12/2, , 40, 32, 18, 3, 10
2019/12/3, , 41, 39, 23, 2, 10
2019/12/4, , 55, 38, 20, 2, 11
2019/12/5, , 46, 45, 26, 4, 15
2019/12/6, , 59, 46, 26, 3, 15
2019/12/7, , 60, 32, 21, 2, 10
2019/12/8, , 49, 56, 26, 4, 16
2019/12/9, , 62, 41, 23, 3, 11
2019/12/10, , 52, 44, 34, 4, 15
2019/12/11, , 62, 35, 20, 2, 11
2019/12/12, , 55, 39, 20, 3, 11
2019/12/13, , 50, 2, 24, 4, 24
2019/12/14, , 72, 33, 21, 2, 9
2019/12/15, , 53, 24, 19, 2, 15
2019/12/16, , 40, 26, 18, 3, 15
2019/12/17, , 51, 36, 20, 3, 13
2019/12/18, , 54, 30, 16, 2, 8
2019/12/19, , 51, 14, 16, 2, 6
2019/12/20, , 48, , , , 
2019/12/24, , 42, 30, 19, 3, 13
2019/12/25, , 48, 29, 11, 2, 7
2019/12/26, , 26, 32, 27, 3, 12
2019/12/27, , 50, 23, 17, 2, 11
2019/12/28, , 45, 2, 21, , 9
2019/12/29, , 39, , , , 
2019/7/19, , 20, 31, , 3, 9
2019/7/20, , 7, 21, , 4, 10
2019/7/21, , 11, 31, , , 7
2019/7/22, , 15, 39, , 2, 8
2019/7/23, , 20, 39, 6, 2, 8
2019/7/24, , 20, 37, 5, 1, 9
2019/7/25, , 21, 51, 8, 2, 9
2019/7/26, , 24, 39, 8, 3, 8
2019/7/27, , 26, 36, 8, 3, 8
2019/7/28, , 42, 21, 11, 3, 11
2019/7/29, , 35, 91, 12, 3, 9
2019/7/30, , 17, 44, 7, 1, 7
2019/7/31, , 19, 40, 4, 2, 7
2019/8/12, , 18, 45, 5, 5, 6
2019/8/13, , 21, 50, 7, 2, 8
2019/8/14, , 23, 58, 6, 3, 7
2019/8/15, , 25, 58, 7, 2, 8
2019/8/16, , 23, 27, 6, 2, 9
2019/8/18, , 26, 51, 4, 2, 9
2019/8/19, , 11, 22, 2, 1, 8
2019/8/21, , 26, 44, 4, 2, 6
2019/8/22, , 25, 38, 4, 1, 8
2019/8/23, , 22, 33, 5, 1, 8
2019/8/24, , 13, 44, 5, 4, 8
2019/8/25, , 9, 34, 2, 4, 7
2019/8/26, , 14, 29, 6, 2, 8
2019/8/27, , 24, 36, 6, 2, 8
2019/8/28, , 21, 41, 10, 2, 9
2019/8/29, , 26, 37, 9, 1, 10
2019/8/30, , 40, 49, 11, 2, 9
2019/8/31, , 33, 46, 9, 2, 9
2019/9/1, , 28, 43, 8, , 8
2019/9/2, , 30, 46, 5, , 8
2019/9/3, , 18, 43, 6, 1, 7
2019/9/4, , 29, 51, 10, , 10
2019/9/5, , 22, 46, 8, , 8
2019/9/6, , 15, 40, 6, 2, 7
2019/9/7, , 23, 43, 10, 1, 9
2019/9/8, , 23, 46, 10, , 10
2019/9/9, , 37, 91, 14, 2, 12
2019/9/10, , 22, 43, 7, , 7
2019/9/11, , 29, 38, 8, 2, 8
2019/9/12, , 25, 35, 7, 2, 7
2019/9/13, , 19, 32, 6, , 7
2019/9/14, , 9, 27, 7, 1, 8
2019/9/15, , 12, 40, 3, 1, 6
2019/9/16, , 22, 44, 5, 2, 7
2019/9/17, , 28, 45, 7, 2, 8
2019/9/18, , 22, 39, 4, 1, 8
2019/9/19, , 17, 22, 4, 1, 7
2019/9/20, , 22, 24, 5, 3, 8
2019/9/21, , 23, 20, 4, 2, 8
2019/9/22, , 22, 41, 4, 1, 7
2019/9/23, , 23, 45, 6, , 7
2019/9/24, , 27, 48, 5, 2, 7
2019/9/25, , 28, 54, 7, 1, 8
2019/9/26, , 26, 53, 7, 1, 9
2019/9/27, , 24, 44, 10, 2, 10
2019/9/28, , 27, 40, 8, 1, 9
2019/9/29, , 12, 20, 4, , 8
2019/9/30, , 7, 29, 4, 1, 7
2019/10/1, , 11, 26, 4, 2, 7
2019/5/29, , 61, 44, 6, , 7
2019/5/30, , 47, 47, 8, 1, 9
2019/5/31, , 53, 24, 10, 1, 9
2019/1/2, , 131, 3, 19, 4, 54
2018/11/7, , 45, , , , 
2018/1/9, , 58, 62, 26, 4, 14
2018/1/10, , 54, 57, 30, 1, 11
2018/1/11, , 61, 68, 30, 4, 15
2018/1/12, , 39, 45, 26, 5, 13
2018/1/13, , 62, 46, 27, 4, 13
2018/1/14, , 60, 56, 31, 3, 15
2018/1/15, , 44, 45, 16, 4, 9
2018/1/16, , 54, 52, 26, 3, 10
2018/1/17, , 63, 73, 34, 1, 14
2018/1/18, , 55, 58, 23, 1, 11
2018/1/19, , 54, 44, 22, 1, 11
2018/1/20, , 39, 33, 17, 2, 11
2018/1/21, , 37, 40, 20, 3, 11
2018/1/22, , 46, 47, 24, 4, 13
2018/1/23, , 54, 38, 28, 4, 15
2017/10/25, , 25, 31, 9, 1, 6
2017/10/26, , 20, 34, 11, , 7
2017/10/27, , 28, 48, 14, 1, 7
2017/10/28, , 43, 48, 20, 1, 10
2017/10/29, , 50, 67, 18, 2, 8
2017/10/30, , 57, 23, 18, 1, 7
2017/10/31, , 42, 39, 16, , 9
2017/11/1, , 35, 23, 10, 2, 8
2017/11/3, , 38, 69, 12, 1, 9
2017/11/4, , 38, 50, 13, 3, 9
2017/11/5, , 39, 41, 20, , 9
2017/11/6, , 33, 39, 15, , 6
2017/11/7, , 44, 55, 27, , 7
2017/11/8, , 59, 76, 31, 5, 12
2017/11/9, , 47, 67, 30, 1, 6
2017/11/10, , 53, 82, 21, 1, 10
2017/11/11, , 46, 77, 19, 1, 9
2017/11/12, , 47, 54, 21, 1, 10
2017/11/13, , 32, 29, 17, , 6
2017/11/14, , 25, 28, 12, , 8
2017/11/15, , 32, 31, 13, 3, 9
2017/11/16, , 36, 21, 19, 1, 10
2017/11/17, , 46, 41, 25, 3, 10
2017/11/18, , 48, 47, 30, 1, 8
2017/11/19, , 57, 78, 32, 4, 12
2017/11/20, , 39, 41, 17, , 8
2017/11/21, , 38, 63, 16, , 7
2017/11/22, , 48, 48, 24, 3, 12
2017/11/23, , 39, 34, 25, 3, 12
2017/11/24, , 40, 48, 20, 1, 10
2017/11/25, , 48, 63, 31, 2, 12
2017/11/26, , 60, 82, 38, 2, 16
2017/11/27, , 45, 46, 28, , 13
2017/11/28, , 41, 51, 24, 3, 11
2017/11/29, , 70, 81, 39, 1, 13
2017/11/30, , 58, 59, 30, 2, 14
2017/12/1, , 42, 46, 19, 3, 9
2017/12/2, , 40, 38, 22, 2, 9
2017/12/6, , 66, 85, 34, 2, 18
2017/12/7, , 63, 81, 38, 3, 13
2017/12/8, , 56, 39, 21, 1, 
2017/12/9, , 42, 23, 12, , 
2017/12/10, , 30, 32, 17, 4, 
2017/12/11, , 30, 30, 22, 1, 
2017/12/12, , 37, 28, 23, 1, 
2017/12/13, , 50, 53, 27, , 
2017/12/14, , 55, 54, 35, 2, 
2017/12/15, , 58, 47, 31, , 10
2017/12/16, , 45, 40, 17, 3, 9
2017/12/17, , 22, 7, 16, , 13
2017/12/18, , 29, 19, 13, 3, 14
2017/12/19, , 40, 30, 22, , 
2017/12/20, , 46, 36, 22, 1, 
2017/12/21, , 46, 50, 19, 1, 
2017/7/2, , 25, 29, 10, , 8
2017/7/3, , 13, 32, 15, , 9
2017/7/4, , 27, 36, 9, , 6
2017/7/5, , 17, 39, 9, , 7
2017/7/6, , 15, 48, 12, , 7
2017/7/7, , 22, 35, 11, 1, 8
2017/7/8, , 18, , , , 
2017/8/11, , 27, 34, 7, 2, 
2017/8/12, , 12, 43, 9, , 
2017/8/13, , 17, 52, 6, , 
2017/8/14, , 16, 47, 13, 1, 8
2017/8/15, , 17, 23, 9, 1, 5
2017/8/16, , 12, , , , 
2017/4/2, , 33, 23, 12, , 
2017/4/3, , 52, 30, 25, 1, 
2017/4/4, , 40, 33, 23, 2, 
2017/4/5, , 43, 44, 35, 1, 
2017/4/6, , 46, 38, 28, , 
2017/4/7, , 49, 36, 28, , 
2017/4/8, , 47, 35, 22, , 
2017/4/9, , 40, 28, 25, 1, 
2017/4/10, , 44, 32, 23, 2, 
2017/4/11, , 33, 28, 22, 1, 
2017/4/12, , 36, 38, 19, , 
2017/4/13, , 55, 33, 20, 2, 
2017/4/14, , 40, 12, 15, 1, 
2017/4/15, , 37, , 18, 2, 
2017/4/16, , 36, , 21, 2, 
2017/4/17, , 42, 28, 24, 3, 
2017/4/18, , 40, 42, 26, 1, 
2017/4/19, , 43, 30, 24, , 
2017/4/20, , 44, 40, 22, 3, 
2017/4/21, , 48, 44, 21, 1, 
2017/4/22, , 53, 47, 22, 3, 
2017/4/23, , 51, 32, 16, 2, 
2017/4/24, , 45, 41, 22, 2, 
2017/4/25, , 50, 32, 20, 1, 
2017/4/26, , 47, 33, 18, 1, 4
2017/4/27, , 56, 49, 33, 1, 8
2017/4/28, , 46, 16, 26, 1, 4
2017/4/29, , 28, 30, 19, 4, 7
2017/4/30, , 59, 42, 22, 2, 9
2017/5/1, , 38, 15, 25, 2, 8
2017/5/2, , 45, 35, 23, 2, 8
2017/5/3, , 52, 32, 18, 1, 6
2017/5/4, , 44, 45, 20, , 6
2017/5/5, , 43, 21, 20, 1, 5
2017/5/6, , 50, , 18, 1, 5
2017/5/7, , 51, 30, 15, 3, 5
2017/5/8, , 36, 30, 14, , 4
2017/5/9, , 44, 38, 18, 3, 7
2017/5/10, , 47, 40, 16, 2, 6
2017/5/11, , 47, 41, 21, 2, 7
2017/5/12, , 51, 38, 21, 3, 7
2017/5/13, , 48, 34, 17, 4, 5
2017/5/14, , 54, 41, 16, 2, 4
2017/5/15, , 41, 32, 18, 2, 5
2017/5/16, , 51, 33, 20, 3, 5
2017/5/17, , 46, 29, 18, 3, 5
2017/5/18, , 47, 35, 24, 3, 6
2017/5/19, , 50, 27, 27, 4, 7
2017/5/20, , 46, 40, 31, 2, 8
2017/5/21, , 55, 50, 25, 2, 7
2017/5/22, , 49, 39, 20, 2, 7
2017/5/23, , 59, 42, 20, 3, 7
2017/5/24, , 56, 44, 16, 3, 5
2017/5/25, , 46, 35, 12, 2, 5
2017/5/26, , 54, 60, 19, 1, 6
2017/5/27, , 69, 65, 20, 2, 6
2017/5/28, , 52, 42, 14, 1, 6
2017/5/29, , 45, 48, 18, 3, 7
2017/5/30, , 50, 34, 14, 2, 5
2017/5/31, , 41, 53, 17, 3, 5
2017/6/1, , 41, 54, 16, 3, 7
2017/6/2, , 46, 40, 18, 3, 6
2017/6/3, , 45, 38, 23, 2, 5
2017/6/4, , 41, 40, 19, 1, 5
2017/6/5, , 41, 45, 22, 2, 6
2017/6/6, , 52, 48, 20, 3, 6
2017/6/7, , 53, 39, 15, 1, 6
2017/6/8, , 51, 41, 19, 1, 6
2017/6/9, , 29, 72, 20, 3, 7
2017/6/10, , 33, 59, 17, 1, 6
2017/6/11, , 31, 49, 20, , 7
2017/6/12, , 34, 82, 20, 3, 7
2017/6/13, , 43, 38, 16, 3, 6
2017/6/14, , 45, 28, 15, 3, 5
2017/6/15, , 25, 34, 12, , 5
2017/6/16, , 32, 59, 16, , 6
2017/6/17, , 40, 43, 15, 2, 6
2017/6/18, , 39, 34, 14, 2, 6
2017/6/19, , 32, 36, 18, 3, 5
2017/6/20, , 34, 45, 17, 2, 5
2017/6/21, , 33, 54, 14, 1, 4
2017/6/22, , 33, 107, 13, 3, 4
2017/6/23, , 52, 66, 13, 2, 5
2017/6/24, , 48, 58, 18, 1, 5
2017/6/25, , 28, 37, 14, , 5
2017/6/26, , 17, 22, 12, 2, 6
2017/6/27, , 18, 35, 9, , 6
2017/6/28, , 20, 25, 12, , 7
2017/6/29, , 17, 45, 12, , 7
2017/6/30, , 27, 33, 13, , 8
2017/7/1, , 20, 4, 18, , 11
2017/1/4, , 60, 49, 48, 3, 14
2017/1/5, , 55, 27, 38, 4, 11
2017/1/6, , 49, 28, 36, 6, 14
2017/1/7, , 43, 27, 38, 4, 13
2017/1/8, , 46, 20, 21, 5, 6
2017/1/9, , 35, 26, 22, 5, 5
2017/1/10, , 32, 11, 27, 2, 5
2017/1/11, , 32, 28, 49, 7, 11
2017/1/12, , 67, 39, 38, 7, 14
2017/1/13, , 56, 29, 33, 7, 11
2017/1/14, , 56, 21, 32, 1, 12
2017/1/15, , 46, 21, 34, 5, 14
2017/1/16, , 59, 20, 27, , 12
2017/1/17, , 42, 8, 20, , 7
2017/1/18, , 32, 5, 24, 2, 8
2017/1/19, , 31, 19, 18, 2, 6
2017/1/20, , 34, 18, 17, 1, 6
2017/1/21, , 45, , , , 
2017/1/23, , 36, 28, 30, 1, 7
2017/1/24, , 42, 32, 27, 2, 9
2017/1/25, , 66, 24, 26, 2, 10
2017/1/26, , 41, 36, 26, 3, 11
2017/1/27, , 47, 30, 29, 1, 9
2017/1/28, , 50, 30, 30, 3, 9
2017/1/29, , 50, 10, 21, 2, 6
2017/1/30, , 51, 28, 21, 2, 6
2017/1/31, , 42, 21, 26, 2, 12
2017/2/1, , 38, 1, 24, 2, 21
2017/2/2, , 28, 21, 21, 2, 9
2017/2/3, , 30, 27, 26, 2, 7
2017/2/4, , 37, 32, 28, 2, 9
2017/2/5, , 41, 34, 29, , 9
2017/2/6, , 45, 30, 24, 2, 5
2017/2/7, , 32, 1, 37, 1, 9
2017/2/8, , 36, , , , 
2017/2/10, , 41, 31, 26, 1, 8
2017/2/11, , 46, 42, 35, 2, 11
2017/2/12, , 61, 39, 30, 2, 9
2017/2/13, , 45, 34, 22, 2, 7
2017/2/14, , 49, 25, 25, 2, 6
2017/2/15, , 47, 18, 26, 1, 7
2017/2/16, , 43, 18, 14, 1, 5
2017/2/17, , 82, 3, 24, 2, 5
2017/2/18, , 42, , , , 
2017/2/20, , 17, 22, 22, 2, 9
2017/2/21, , 24, 26, 34, 2, 11
2017/2/22, , 47, 30, 31, 4, 10
2017/2/23, , 49, 29, 23, 3, 7
2017/2/24, , 44, 42, 31, 2, 8
2017/2/25, , 41, 35, 30, 1, 9
2017/2/26, , 45, 34, 22, 3, 6
2017/2/27, , 35, 31, 22, 1, 7
2017/2/28, , 43, 37, 28, , 8
2017/3/1, , 46, 3, 42, , 12
2017/3/2, , 44, 34, 26, 3, 6
2017/3/3, , 49, 27, 19, 1, 5
2017/3/4, , 42, 34, 19, 2, 6
2017/3/5, , 39, 28, 18, 2, 6
2017/3/6, , 26, 33, 27, 3, 7
2017/3/7, , 39, 41, 25, 1, 8
2017/3/8, , 51, 27, 20, 2, 5
2017/3/9, , 40, 34, 24, 3, 6
2017/3/10, , 38, 34, 26, 1, 5
2017/3/11, , 34, 26, 23, , 7
2017/3/12, , 27, 17, 26, 2, 9
2017/3/13, , 32, 25, 25, 4, 5
2017/3/14, , 24, 28, 23, 2, 4
2017/3/15, , 34, 33, 21, , 4
2017/3/16, , 28, 34, 21, 3, 5
2017/3/17, , 35, 40, 23, 2, 7
2017/3/18, , 40, 37, 23, 1, 7
2017/3/19, , 36, 29, 23, 2, 7
2017/3/20, , 30, 35, 23, 1, 5
2017/3/21, , 36, 37, 24, 3, 6
2017/3/22, , 39, 48, 35, 3, 9
2017/3/23, , 51, 38, 25, 3, 5
2017/3/24, , 48, 39, 25, 1, 6
2017/3/25, , 43, 33, 19, 1, 6
2017/3/26, , 45, 28, 17, 3, 6
2017/3/27, , 46, 46, 26, 2, 6
2017/3/28, , 44, 35, 28, 2, 6
2017/3/29, , 47, , , , 
2017/3/31, , 41, 33, 25, 2, 
2017/4/1, , 47, 9, 37, 2, 
2016/10/29, , 26, 17, 21, 1, 7
2016/10/30, , 26, 21, 18, 1, 4
2016/10/31, , 23, 27, 23, 1, 6
2016/11/1, , 35, 22, 25, 3, 7
2016/11/2, , 40, 29, 35, 3, 9
2016/11/3, , 47, 14, 31, , 7
2016/11/4, , 37, 9, 27, 4, 5
2016/11/5, , 26, 16, 25, 4, 5
2016/11/6, , 29, 25, 31, 4, 9
2016/11/7, , 40, 24, 28, 3, 7
2016/11/8, , 32, 15, 25, 2, 5
2016/11/9, , 30, 9, 25, 1, 5
2016/11/10, , 20, 6, 27, 4, 8
2016/11/11, , 22, 9, 25, 2, 6
2016/11/12, , 21, 7, 26, 4, 8
2016/11/13, , 10, 5, 24, , 7
2016/11/14, , 8, 12, 28, 3, 10
2016/11/15, , 24, 10, 31, 2, 9
2016/11/16, , 32, 16, 25, 2, 5
2016/11/17, , 19, 19, 33, 2, 9
2016/11/18, , 38, 20, 38, 2, 13
2016/11/19, , 42, 12, 30, 1, 4
2016/11/20, , 25, 19, 29, 3, 8
2016/11/21, , 20, 25, 31, , 5
2016/11/22, , 25, 28, 48, 3, 13
2016/11/23, , 46, 26, 41, , 9
2016/11/24, , 43, 16, 37, 4, 10
2016/11/25, , 40, 20, 41, 1, 8
2016/11/26, , 36, 17, 36, 2, 7
2016/11/27, , 25, 27, 34, 2, 7
2016/11/28, , 30, 30, 43, 1, 10
2016/11/29, , 43, 18, 33, 1, 9
2016/11/30, , 46, 22, 30, 4, 7
2016/12/1, , 36, , , , 
2016/12/4, , 23, 18, 18, 2, 4
2016/12/5, , 16, 16, 30, 3, 13
2016/12/6, , 41, 28, 24, 2, 10
2016/12/7, , 37, 27, 24, 2, 9
2016/12/8, , 41, 26, 28, 1, 11
2016/12/9, , 44, 23, 24, 1, 9
2016/12/10, , 39, 22, 21, 2, 8
2016/12/11, , 35, 28, 25, 2, 10
2016/12/12, , 42, 32, 26, 3, 13
2016/12/13, , 47, 27, 34, 2, 14
2016/12/14, , 42, 33, 46, 4, 13
2016/12/15, , 48, 28, 42, 2, 13
2016/12/16, , 48, 48, 39, 4, 12
2016/12/17, , 59, 28, 38, 1, 11
2016/12/18, , 51, 31, 32, 3, 18
2016/12/19, , 52, 22, 28, 5, 12
2016/12/20, , 44, 18, 20, 3, 9
2016/12/21, , 34, 20, 22, 2, 7
2016/12/22, , 35, 30, 30, 2, 10
2016/12/23, , 49, 31, 36, 1, 13
2016/12/24, , 50, 35, 34, 2, 14
2016/12/25, , 54, 29, 24, , 11
2016/12/26, , 48, 25, 24, 2, 10
2016/12/27, , 40, 29, 28, 1, 11
2016/12/28, , 47, 24, 24, 2, 7
2016/12/29, , 41, 20, 24, 4, 6
2016/12/30, , 38, 23, 19, 6, 8
2016/12/31, , 37, 25, 22, 4, 7
2017/1/1, , 48, 2, 36, 6, 17
2017/1/2, , 56, , , , 
2014/4/27, , 58, 21, 17, 5, 8
2014/4/28, , 38, 27, 17, 5, 8
2014/4/29, , 35, 28, 21, 4, 10
2014/4/30, , 46, 27, 18, 5, 8
2014/5/1, , 51, 22, 14, 4, 7
2014/5/2, , 35, 11, 12, , 7
2014/5/3, , 38, , , , 
2014/5/6, , 32, 27, 17, 3, 9
2014/5/7, , 56, 8, 13, 5, 7
2014/5/8, , 34, , , , 
2014/5/16, , 19, 19, 23, 5, 7
2014/5/17, , 34, 31, 25, 4, 10
2014/5/18, , 49, 44, 21, 3, 9
2014/5/19, , 47, 43, 26, 6, 10
2014/5/20, , 48, 36, 20, 4, 8
2014/5/21, , 49, 32, 19, 5, 9
2014/5/22, , 51, 32, 17, 5, 9
2014/5/23, , 45, 28, 16, 3, 8
2014/5/24, , 28, 27, 21, 3, 10
2014/5/25, , 46, 16, 21, 4, 10
2014/5/26, , 46, 7, 19, 6, 10
2014/5/27, , 38, , , , 
2014/5/30, , 20, , , , 
2014/5/31, , 27, , , , 
2014/6/1, , 29, 20, 27, 3, 9
2014/6/2, , 33, 26, 23, 2, 9
2014/6/3, , 36, 31, 24, 5, 8
2014/6/4, , 28, 29, 18, 6, 8
2014/6/5, , 35, 36, 13, 5, 7
2014/6/6, , 34, , , , 
2014/6/8, , 41, 30, 12, 3, 7
2014/6/9, , 28, 32, 19, 8, 8
2014/6/10, , 29, 30, 12, 8, 7
2014/6/11, , 22, 18, 16, 4, 9
2014/6/12, , 25, , , , 
2014/6/14, , 53, 56, 17, 2, 10
2014/6/15, , 45, , , , 
2014/1/9, , 51, 1, 26, 5, 15
2014/1/10, , 47, , , , 
2014/1/15, , 42, 3, 33, 7, 20
2014/1/16, , 54, , , , 
2014/1/29, , 49, 27, 22, 6, 11
2014/1/30, , 48, 44, 27, 4, 17
2014/1/31, , 49, 31, 24, 4, 12
2014/2/1, , 43, 26, 26, 6, 14
2014/2/2, , 56, 32, 27, 5, 16
2014/2/3, , 47, 35, 21, 4, 12
2014/2/4, , 45, 29, 22, 5, 13
2014/2/5, , 47, 33, 23, 7, 15
2014/2/6, , 52, 35, 20, 5, 12
2014/2/7, , 45, 37, 27, 3, 13
2014/2/8, , 45, 38, 27, 5, 14
2014/2/9, , 48, 41, 34, 6, 17
2014/2/10, , 54, 47, 38, 6, 19
2014/2/11, , 59, 36, 30, 5, 11
2014/2/12, , 50, 29, 32, 8, 15
2014/2/13, , 51, 44, 35, 6, 18
2014/2/14, , 68, 18, 53, 7, 19
2014/2/15, , 77, 29, 38, 7, 18
2014/2/16, , 63, 52, 34, 6, 14
2014/2/17, , 65, 44, 37, 7, 15
2014/2/18, , 59, 71, 35, 6, 15
2014/2/19, , 60, 70, 32, 6, 13
2014/2/20, , 62, 37, 33, 5, 10
2014/2/21, , 52, 50, 34, 6, 13
2014/2/22, , 63, 39, 29, 6, 13
2014/2/23, , 74, 28, 26, 5, 13
2014/2/24, , 45, , , , 
2014/3/8, , 50, 21, 17, 4, 10
2014/3/9, , 38, 24, 14, 5, 8
2014/3/10, , 42, 15, 13, 4, 8
2014/3/11, , 51, 37, 21, 5, 9
2014/3/12, , 45, 1, 43, 5, 11
2014/3/13, , 54, , , , 
2014/3/17, , 56, 12, 10, 1, 6
2014/3/18, , 51, , 15, 4, 7
2014/3/19, , 38, , 17, 4, 10
2014/3/20, , 39, 41, 21, 5, 11
2014/3/21, , 46, 36, 18, 5, 10
2014/3/22, , 42, 11, 15, 6, 11
2014/3/23, , 36, , , , 
2022/10/2, , , 22, , , 
2022/10/3, , , 22, , , 
2022/10/4, , , 25, , , 
2022/10/5, , , 35, , , 
2022/10/6, , , 32, , , 
2022/10/7, , , 35, , , 
2022/10/8, , , 29, , , 
2022/10/9, , , 23, , , 
2022/10/10, , , 28, , , 
2022/10/11, , , 35, , , 
2022/10/12, , , 35, , , 
2022/10/13, , , 41, , , 
2022/10/14, , , 42, , , 
2022/10/15, , , 41, , , 
2022/10/16, , , 41, , , 
2022/10/17, , , 70, , , 
2022/10/18, , , 56, , , 
2022/10/19, , , 32, , , 
2022/10/20, , , 29, , , 
2022/10/21, , , 26, , , 
2022/10/22, , , 39, , , 
2022/10/23, , , 19, , , 
2022/10/24, , , 19, , , 
2022/10/25, , , 32, , , 
2022/10/26, , , 42, , , 10
2022/10/27, , , 54, , , 9
2022/10/28, , , 42, , , 7
2022/7/2, , , 59, , , 
2022/7/3, , , 53, , , 
2022/7/4, , , 53, , , 
2022/7/5, , , 33, , , 
2022/7/7, , , 47, , , 
2022/7/8, , , 44, , , 
2022/7/9, , , 44, , , 
2022/7/10, , , 43, , , 
2022/7/11, , , 42, , , 
2022/7/12, , , 100, , , 
2022/7/13, , , 77, , , 
2022/7/14, , , 56, , , 
2022/7/15, , , 45, , , 
2022/7/16, , , 42, , , 
2022/7/17, , , 31, , , 
2022/7/18, , , 25, , , 
2022/7/19, , , 37, , , 
2022/7/20, , , 46, , , 
2022/7/21, , , 43, , , 
2022/7/22, , , 64, , , 
2022/7/23, , , 70, , , 
2022/7/24, , , 58, , , 
2022/7/25, , , 46, , , 
2022/7/26, , , 40, , , 
2022/7/27, , , 30, , , 
2022/7/28, , , 54, , , 
2022/7/29, , , 44, , , 
2022/7/30, , , 35, , , 
2022/7/31, , , 36, , , 
2022/8/1, , , 38, , , 
2022/8/2, , , 41, , , 
2022/8/3, , , 36, , , 
2022/8/4, , , 48, , , 
2022/8/5, , , 91, , , 
2022/8/6, , , 48, , , 
2022/8/7, , , 39, , , 
2022/8/8, , , 36, , , 
2022/8/9, , , 34, , , 
2022/8/10, , , 33, , , 
2022/8/11, , , 30, , , 
2022/8/12, , , 36, , , 
2022/8/13, , , 45, , , 
2022/8/14, , , 52, , , 
2022/8/15, , , 54, , , 
2022/8/16, , , 34, , , 
2022/8/17, , , 21, , , 
2022/8/18, , , 22, , , 
2022/8/19, , , 42, , , 
2022/8/20, , , 43, , , 
2022/8/21, , , 40, , , 
2022/8/22, , , 55, , , 
2022/8/23, , , 53, , , 
2022/8/24, , , 60, , , 
2022/8/25, , , 36, , , 
2022/8/26, , , 40, , , 
2022/8/27, , , 40, , , 
2022/8/28, , , 56, , , 
2022/8/29, , , 44, , , 
2022/8/30, , , 38, , , 
2022/8/31, , , 34, , , 
2022/9/1, , , 32, , , 
2022/9/2, , , 32, , , 
2022/9/3, , , 30, , , 
2022/9/4, , , 24, , , 
2022/9/5, , , 22, , , 
2022/9/6, , , 20, , , 
2022/9/7, , , 17, , , 
2022/9/8, , , 32, , , 
2022/9/9, , , 23, , , 
2022/9/10, , , 35, , , 
2022/9/11, , , 35, , , 
2022/9/12, , , 9, , , 
2022/9/13, , , 37, , , 
2022/9/14, , , 37, , , 
2022/9/15, , , 16, , , 
2022/9/19, , , 19, , , 
2022/9/20, , , 18, , , 
2022/9/21, , , 23, , , 
2022/9/22, , , 27, , , 
2022/9/23, , , 30, , , 
2022/9/24, , , 29, , , 
2022/9/25, , , 37, , , 
2022/9/26, , , 35, , , 
2022/9/27, , , 33, , , 
2022/9/28, , , 27, , , 
2022/9/29, , , 30, , , 
2022/9/30, , , 38, , , 
2022/10/1, , , 34, , , 
2022/4/12, , , 10, , , 
2022/4/19, , , 18, , , 
2022/5/25, , , 58, , , 
2022/5/26, , , 74, , , 
2022/5/27, , , 50, , , 
2022/5/30, , , 66, , , 
2022/5/31, , , 99, , , 
2022/6/1, , , 114, , , 
2022/6/2, , , 57, , , 
2022/6/3, , , 51, , , 
2022/6/4, , , 79, , , 
2022/6/5, , , 97, , , 
2022/6/6, , , 90, , , 
2022/6/7, , , 79, , , 
2022/6/8, , , 72, , , 
2022/6/9, , , 60, , , 
2022/6/10, , , 43, , , 
2022/6/11, , , 78, , , 
2022/6/12, , , 61, , , 
2022/6/13, , , 60, , , 
2022/6/14, , , 52, , , 
2022/6/15, , , 24, , , 
2022/6/16, , , 28, , , 
2022/6/17, , , 31, , , 
2022/6/18, , , 40, , , 
2022/6/19, , , 39, , , 
2022/6/20, , , 42, , , 
2022/6/21, , , 37, , , 
2022/6/22, , , 25, , , 
2022/6/23, , , 27, , , 
2022/6/24, , , 24, , , 
2022/6/25, , , 20, , , 
2022/6/26, , , 32, , , 
2022/6/27, , , 46, , , 
2022/6/28, , , 40, , , 
2022/6/29, , , 53, , , 
2022/6/30, , , 49, , , 
2022/7/1, , , 25, , , 
2022/2/7, , , 20, , , 6
2022/2/13, , , 21, , , 6
2022/3/10, , , 19, , , 7
2021/10/2, , , 23, , , 8
2021/10/3, , , 13, , , 8
2021/10/4, , , 13, , , 8
2021/10/5, , , 12, , , 6
2021/10/6, , , 11, , , 7
2021/10/7, , , 13, , , 6
2021/10/8, , , 16, , , 8
2021/10/9, , , 19, , , 5
2021/10/15, , , 36, , , 11
2021/10/16, , , 27, , , 12
2021/10/17, , , 13, , , 4
2021/10/18, , , 17, , , 6
2021/10/19, , , 27, , , 5
2021/10/20, , , 26, , , 10
2021/10/21, , , 23, , , 8
2021/10/22, , , 17, , , 6
2021/10/23, , , 15, , , 6
2021/10/24, , , 27, , , 8
2021/10/25, , , 16, , , 11
2021/10/26, , , 8, , , 5
2021/10/27, , , 16, , , 4
2021/10/28, , , 19, , , 7
2021/10/29, , , 19, , 3, 13
2021/10/30, , , 27, , , 7
2021/10/31, , , 23, , , 8
2021/11/2, , , 26, , , 9
2021/11/3, , , 23, , , 8
2021/11/4, , , 28, , , 8
2021/11/5, , , 36, , , 4
2021/11/6, , , 25, , , 6
2021/11/7, , , 21, , , 10
2021/11/8, , , 7, , , 13
2021/11/9, , , 26, , , 6
2021/11/10, , , 26, , , 10
2021/11/11, , , 27, , , 11
2021/11/12, , , 35, , , 12
2021/11/13, , , 22, , , 8
2021/11/14, , , 18, , , 5
2021/11/15, , , 18, , , 6
2021/11/16, , , 22, , , 5
2021/11/17, , , 21, , , 6
2021/11/18, , , 23, , , 12
2021/11/19, , , 14, , , 13
2021/7/16, , , 16, , , 7
2021/7/17, , , 16, , , 5
2021/7/18, , , 17, , , 5
2021/7/19, , , 18, , , 5
2021/7/20, , , 25, , , 7
2021/7/21, , , 18, , , 6
2021/7/22, , , 18, , , 5
2021/7/23, , , 23, , , 6
2021/7/24, , , 30, , , 10
2021/7/25, , , 27, , , 7
2021/7/26, , , 23, , , 6
2021/7/27, , , 24, , , 
2021/7/28, , , 20, , , 
2021/7/29, , , 16, , , 
2021/7/30, , , 16, , , 
2021/7/31, , , 17, , , 
2021/8/1, , , 23, , , 
2021/8/2, , , 22, , , 
2021/8/3, , , 21, , , 
2021/8/4, , , 17, , , 
2021/8/5, , , 11, , , 
2021/8/6, , , 19, , , 
2021/8/7, , , 16, , , 
2021/8/8, , , 17, , , 
2021/8/9, , , 16, , , 
2021/8/10, , , 17, , , 
2021/8/11, , , 17, , , 
2021/8/12, , , 21, , , 
2021/8/13, , , 22, , , 
2021/8/14, , , 19, , , 
2021/8/15, , , 16, , , 
2021/8/16, , , 19, , , 
2021/8/17, , , 24, , , 
2021/8/18, , , 23, , , 
2021/8/19, , , 38, , , 5
2021/8/20, , , 19, , , 5
2021/8/21, , , 14, , , 6
2021/8/22, , , 13, , , 5
2021/8/23, , , 16, , , 6
2021/8/24, , , 17, , , 4
2021/8/25, , , 14, , , 6
2021/8/26, , , 15, , , 6
2021/8/27, , , 16, , , 4
2021/8/28, , , 7, , , 5
2021/8/29, , , 12, , , 5
2021/8/30, , , 22, , , 8
2021/8/31, , , 14, , , 7
2021/9/1, , , 1, , , 7
2021/9/2, , , 18, , , 6
2021/9/3, , , 11, , , 7
2021/9/4, , , 11, , , 5
2021/9/5, , , 14, , , 5
2021/9/6, , , 11, , , 6
2021/9/7, , , 12, , , 6
2021/9/8, , , 9, , , 6
2021/9/9, , , 15, , , 6
2021/9/10, , , 19, , , 7
2021/9/11, , , 19, , , 6
2021/9/12, , , 15, , , 6
2021/9/13, , , 16, , , 5
2021/9/14, , , 11, , , 6
2021/9/15, , , 14, , , 7
2021/9/16, , , 12, , , 5
2021/9/17, , , 3, , , 4
2021/9/20, , , 18, , , 10
2021/9/21, , , 13, , , 13
2021/9/22, , , 17, , , 8
2021/9/23, , , 19, , , 5
2021/9/24, , , 21, , , 8
2021/9/25, , , 18, , , 6
2021/9/26, , , 19, , , 7
2021/9/27, , , 17, , , 9
2021/9/28, , , 16, , , 7
2021/9/29, , , 19, , , 7
2021/9/30, , , 16, , , 7
2021/10/1, , , 6, , , 7
2021/5/6, , , 41, , , 5
2021/5/11, , , 29, , , 3
2021/5/19, , , 51, , , 3
2021/6/17, , , 47, , , 2
2021/1/6, , , 23, 20, , 
2021/1/7, , , 17, 23, , 
2021/1/8, , , 22, 23, , 
2021/1/9, , , 22, 30, , 
2021/1/10, , , 15, 16, , 
2021/1/11, , , 16, 14, , 
2021/1/12, , , 18, 16, , 
2021/1/13, , , 14, 19, , 
2021/1/14, , , 15, 24, , 
2021/1/15, , , 20, 33, , 
2021/1/16, , , 17, 31, , 15
2021/1/17, , , 20, 22, , 8
2021/1/18, , , 21, 22, , 11
2020/10/7, , , 16, 31, 2, 13
2020/10/25, , , 35, 20, 5, 7
2020/11/17, , , 12, 10, 2, 
2020/11/18, , , 21, 9, 3, 
2020/11/19, , , 19, 8, 3, 
2020/11/20, , , 16, , 3, 
2020/11/21, , , 17, , 2, 
2020/11/22, , , 19, , 2, 
2020/11/23, , , 26, 38, 2, 
2020/11/24, , , 35, 38, 4, 
2020/11/25, , , 33, 32, 5, 
2020/11/26, , , 34, 39, 5, 
2020/11/27, , , 36, 35, 5, 
2020/11/28, , , 29, 33, 6, 
2020/11/29, , , 25, 23, 4, 
2020/11/30, , , 29, 25, 4, 
2020/12/12, , , 18, 26, 7, 
2020/12/13, , , 16, 20, 3, 
2020/12/14, , , 18, 21, 3, 
2020/12/15, , , 14, 22, 4, 
2020/12/16, , , 19, 22, 4, 
2020/12/17, , , 19, 22, 6, 
2020/12/18, , , 21, 24, 5, 
2020/12/19, , , 25, 28, 5, 
2020/12/20, , , 32, 32, 5, 
2020/12/21, , , 24, 30, 4, 
2020/12/22, , , 22, 32, 5, 
2020/12/23, , , 20, 30, 5, 
2020/12/24, , , 25, , 5, 
2020/12/25, , , 23, 30, 4, 
2020/12/26, , , 22, 21, , 
2020/12/27, , , 28, 28, , 
2020/12/28, , , 27, 32, , 
2020/12/29, , , 23, 28, , 
2020/12/30, , , 18, 19, , 
2020/12/31, , , 20, 16, , 
2021/1/1, , , 1, 40, , 
2020/7/18, , , 40, 9, 1, 7
2020/7/19, , , 36, 11, , 8
2020/7/20, , , 37, 11, , 7
2020/7/21, , , 40, 12, 2, 8
2020/7/22, , , 30, 17, 1, 8
2020/7/23, , , 28, 15, , 8
2020/7/24, , , 17, 6, , 6
2020/7/26, , , 33, 10, 1, 7
2020/7/27, , , 20, 10, 1, 7
2020/7/28, , , 28, 12, 1, 8
2020/7/29, , , 11, 16, , 10
2020/7/30, , , 20, 13, , 8
2020/8/15, , , 25, 8, 2, 5
2020/8/22, , , 31, , 1, 8
2020/8/30, , , 9, , 2, 6
2020/9/12, , , 19, 11, 1, 9
2020/9/20, , , 17, 8, 1, 7
2020/9/30, , , 20, 16, 1, 8
2020/4/1, , , 35, 8, 2, 6
2020/4/5, , , 32, 5, 1, 4
2020/4/20, , , 31, 6, 1, 7
2020/5/17, , , 28, 6, 1, 6
2020/5/24, , , 37, 5, , 5
2020/1/1, , , 12, 9, 2, 8
2020/1/8, , , 39, 26, 3, 17
2020/3/16, , , 43, 8, 2, 4
2020/3/23, , , 38, 9, 1, 6
2019/11/23, , , 25, , 2, 15
2019/11/27, , , 23, 15, 2, 8
2019/11/28, , , 33, 15, 2, 10
2019/12/23, , , 31, 21, 3, 16
2018/10/3, , , 19, , 1, 7
2018/10/4, , , 29, , 1, 7
2018/10/5, , , 37, , 3, 8
2018/10/6, , , 37, , 3, 12
2018/10/7, , , 51, , 1, 7
2018/10/8, , , 51, , 1, 7
2018/10/9, , , 36, , 1, 8
2018/10/10, , , 35, , 4, 9
2018/10/11, , , 47, , 4, 12
2018/10/12, , , 42, , 2, 11
2018/10/13, , , 72, , 3, 11
2018/10/14, , , 63, , 2, 8
2018/10/15, , , 12, 8, 3, 9
2018/7/1, , , 32, 6, , 7
2018/7/10, , , 26, 9, 2, 7
2018/7/11, , , 32, 10, 2, 8
2018/7/12, , , 26, 11, 1, 9
2018/7/13, , , 30, 11, 1, 10
2018/7/14, , , 32, 11, 1, 7
2018/7/15, , , 28, 8, 1, 10
2018/7/16, , , 28, 9, , 8
2018/7/17, , , 33, 9, 1, 6
2018/7/18, , , 35, 9, 1, 5
2018/7/19, , , 39, 11, 1, 8
2018/7/20, , , 37, 8, , 7
2018/7/21, , , 33, 9, , 7
2018/7/22, , , 36, 10, 1, 7
2018/7/23, , , 50, 13, , 9
2018/7/24, , , 59, 8, 1, 6
2018/7/25, , , 46, 9, 1, 6
2018/7/26, , , 41, 11, 1, 8
2018/7/27, , , 49, 9, 1, 5
2018/7/28, , , 44, 7, 1, 6
2018/7/30, , , 46, 9, , 8
2018/7/31, , , 42, 5, , 6
2018/8/1, , , 38, 7, 1, 7
2018/8/2, , , 33, 9, , 6
2018/8/3, , , 42, 13, 1, 8
2018/8/4, , , 39, 9, 2, 7
2018/8/5, , , 30, 5, 1, 3
2018/8/6, , , 21, 6, 1, 6
2018/8/7, , , 21, 5, , 6
2018/8/8, , , 29, 8, 1, 8
2018/8/9, , , 38, 7, 1, 7
2018/8/10, , , 42, , 1, 7
2018/8/11, , , 56, , 1, 8
2018/8/12, , , 45, , 1, 9
2018/8/13, , , 26, 6, 3, 7
2018/8/14, , , 30, 5, 2, 5
2018/8/15, , , 36, 7, 3, 5
2018/8/22, , , 34, 6, 1, 6
2018/8/23, , , 31, 7, 2, 6
2018/8/24, , , 37, 5, 2, 6
2018/8/31, , , 33, 6, 1, 7
2018/9/1, , , 2, 19, , 16
2018/9/2, , , 39, 8, , 7
2018/9/3, , , 36, 7, 1, 7
2018/9/4, , , 41, 8, 2, 7
2018/9/5, , , 37, 8, 1, 8
2018/9/6, , , 29, 8, 1, 9
2018/9/7, , , 35, 7, 5, 8
2018/9/8, , , 53, 6, 2, 6
2018/9/12, , , 20, 8, , 8
2018/9/13, , , 27, 7, 1, 8
2018/9/14, , , 35, 5, 2, 7
2018/9/15, , , 31, 5, 2, 8
2018/9/16, , , 23, 9, 1, 11
2018/9/17, , , 23, 7, 2, 9
2018/9/18, , , 19, 7, , 11
2018/9/19, , , 33, 7, , 10
2018/9/20, , , 31, 7, 2, 10
2018/9/21, , , 30, 5, 1, 9
2018/9/22, , , 35, 6, 1, 8
2018/9/23, , , 33, 4, 1, 6
2018/9/24, , , 34, 5, 2, 8
2018/9/25, , , 31, 5, 3, 8
2018/9/26, , , 30, 8, 2, 9
2018/9/27, , , 29, 7, 1, 8
2018/10/2, , , 26, , 3, 13
2018/6/11, , , 12, 2, 5, 4
2018/6/12, , , 16, 3, 7, 6
2018/6/13, , , 15, 4, 6, 6
2017/10/2, , , 1, 14, 3, 25
2017/10/3, , , 23, 8, 1, 14
2017/10/4, , , 27, 8, , 8
2017/10/5, , , 16, 6, 2, 9
2017/10/6, , , 21, 7, , 8
2017/10/7, , , 31, 7, , 8
2017/10/8, , , 10, 12, , 9
2017/10/9, , , 35, 10, , 8
2017/10/10, , , 51, 12, , 10
2017/10/11, , , 34, 10, 1, 8
2017/10/12, , , 28, 10, 2, 7
2017/10/13, , , 33, 8, , 6
2017/10/14, , , 27, 10, , 8
2017/10/15, , , 40, 8, , 6
2017/10/16, , , 37, 13, 2, 10
2017/10/17, , , 27, 9, , 7
2017/10/18, , , 32, 10, 1, 8
2017/10/19, , , 42, 14, , 7
2017/10/20, , , 64, 20, 2, 10
2017/10/21, , , 55, 16, 1, 8
2017/10/22, , , 98, 18, 2, 11
2017/10/23, , , 39, 17, 1, 9
2017/10/24, , , 32, 12, 1, 7
2017/9/21, , , 16, 12, , 7
2017/9/22, , , 28, 9, , 7
2017/9/23, , , 19, 4, 1, 7
2017/9/24, , , 20, 3, , 7
2017/9/25, , , 23, 7, 1, 9
2017/9/26, , , 32, 5, 1, 8
2017/9/27, , , 41, 7, , 9
2017/9/28, , , 28, 10, 1, 9
2017/9/29, , , 24, 7, , 9
2017/9/30, , , 19, 7, 2, 10
2017/10/1, , , 1, 14, 3, 25
2017/1/3, , , 26, 52, 4, 15
2017/1/22, , , 31, 35, 3, 11
2017/2/9, , , 28, 30, 2, 7
2017/2/19, , , 13, 13, 1, 4
2017/3/30, , , 29, 36, 2, 
2016/10/28, , , 19, 22, 3, 8
2016/12/3, , , 7, 22, 1, 6
2014/4/26, , , 25, 14, 5, 9
2014/5/5, , , 18, 14, 5, 8
2014/5/15, , , 19, 15, 4, 7
2014/6/7, , , 20, 16, 2, 3
2014/6/13, , , 21, 40, 3, 17
2014/1/8, , , 5, 27, 6, 17
2014/1/14, , , 28, 28, 6, 15
2014/1/28, , , 14, 21, 6, 10
2014/3/7, , , 18, 13, 5, 6
2014/3/16, , , 29, 11, 5, 6
2018/9/9, , , , 4, , 6
2018/9/10, , , , 5, 2, 8