date, pm25, pm10, o3, no2, so2
2024/4/2, 43, 12, , , 
2024/4/3, 40, 12, , , 
2024/4/4, 52, 17, , , 
2024/4/5, 59, 18, , , 
2024/4/6, 61, , , , 
2024/4/8, 14, , , , 
2024/4/10, 14, 10, , , 
2024/4/11, 20, 10, , , 
2024/4/12, 26, 11, , , 
2024/4/13, 31, 14, , , 
2024/4/14, 38, , , , 
2024/1/2, 19, 9, , , 
2024/1/3, 16, 8, , , 
2024/1/4, 19, 8, , , 
2024/1/5, 20, 5, , , 
2024/1/6, 13, 6, , , 
2024/1/7, 18, 11, , , 
2024/1/8, 45, 9, , , 
2024/1/9, 32, 10, , , 
2024/1/10, 35, 19, , , 
2024/1/11, 60, 29, , , 
2024/1/12, 82, 20, , , 
2024/1/13, 54, 21, , , 
2024/1/14, 65, 19, , , 
2024/1/15, 63, 11, , , 
2024/1/16, 33, 14, , , 
2024/1/17, 44, 13, , , 
2024/1/18, 50, 21, , , 
2024/1/19, 66, 21, , , 
2024/1/20, 69, 14, , , 
2024/1/21, 52, 9, , , 
2024/1/22, 33, 9, , , 
2024/1/23, 22, 14, , , 
2024/1/24, 28, 16, , , 
2024/1/25, 35, 14, , , 
2024/1/26, 37, 9, , , 
2024/1/27, 23, 14, , , 
2024/1/28, 41, 9, , , 
2024/1/29, 29, 10, , , 
2024/1/30, 36, 9, , , 
2024/1/31, 26, 12, , , 
2024/2/1, 37, 13, , , 
2024/2/2, 30, 14, , , 
2024/2/3, 38, 8, , , 
2024/2/4, 25, 7, , , 
2024/2/5, 20, 21, , , 
2024/2/6, 43, 12, , , 
2024/2/7, 30, 7, , , 
2024/2/8, 23, 12, , , 
2024/2/9, 43, 10, , , 
2024/2/10, 30, 8, , , 
2024/2/11, 27, 8, , , 
2024/2/12, 27, 11, , , 
2024/2/13, 33, 9, , , 
2024/2/14, 25, 8, , , 
2024/2/15, 29, 9, , , 
2024/2/16, 25, 11, , , 
2024/2/17, 39, 11, , , 
2024/2/18, 29, 9, , , 
2024/2/19, 26, 12, , , 
2024/2/20, 39, 15, , , 
2024/2/21, 46, 11, , , 
2024/2/22, 30, 8, , , 
2024/2/23, 24, 6, , , 
2024/2/24, 19, 6, , , 
2024/2/25, 20, 7, , , 
2024/2/26, 22, 7, , , 
2024/2/27, 27, 12, , , 
2024/2/28, 44, 14, , , 
2024/2/29, 46, 9, , , 
2024/3/1, 36, 7, , , 
2024/3/2, 23, 6, , , 
2024/3/3, 20, 12, , , 
2024/3/4, 42, 15, , , 
2024/3/5, 44, 11, , , 
2024/3/6, 38, 11, , , 
2024/3/7, 38, 24, , , 
2024/3/8, 71, 18, , , 
2024/3/9, 58, 11, , , 
2024/3/10, 42, 16, , , 
2024/3/11, 53, 19, , , 
2024/3/12, 63, 22, , , 
2024/3/13, 65, 11, , , 
2024/3/14, 42, 11, , , 
2024/3/15, 40, 12, , , 
2024/3/16, 42, 12, , , 
2024/3/17, 43, 11, , , 
2024/3/18, 46, 15, , , 
2024/3/19, 54, 16, , , 
2024/3/20, 52, 20, , , 
2024/3/21, 60, 23, , , 
2024/3/22, 68, 21, , , 
2024/3/23, 64, 12, , , 
2024/3/24, 40, 10, , , 
2024/3/25, 34, 12, , , 
2024/3/26, 42, 12, , , 
2024/3/27, 39, 9, , , 
2024/3/28, 33, 7, , , 
2024/3/29, 23, 9, , , 
2024/3/30, 33, 11, , , 
2024/3/31, 44, 14, , , 
2024/4/1, 49, 10, , , 
2023/10/2, 30, 18, , , 
2023/10/3, 53, 16, , , 
2023/10/4, 44, 11, , , 
2023/10/5, 19, 10, , , 
2023/10/6, 20, 12, , , 
2023/10/7, 25, 10, , , 
2023/10/8, 24, 12, , , 
2023/10/9, 32, 19, , , 
2023/10/10, 49, 15, , , 
2023/10/11, 36, 19, , , 
2023/10/12, 42, 15, , , 
2023/10/13, 41, 18, , , 
2023/10/14, 41, 11, , , 
2023/10/15, 22, 7, , , 
2023/10/16, 22, 9, , , 
2023/10/17, 25, 8, , , 
2023/10/18, 23, 8, , , 
2023/10/19, 22, 6, , , 
2023/10/20, 13, 6, , , 
2023/10/21, 15, 8, , , 
2023/10/22, 17, 6, , , 
2023/10/23, 16, 8, , , 
2023/10/24, 18, 5, , , 
2023/10/25, 15, 6, , , 
2023/10/26, 15, 9, , , 
2023/10/27, 26, 8, , , 
2023/10/28, 18, 5, , , 
2023/10/29, 11, 7, , , 
2023/10/30, 15, 6, , , 
2023/10/31, 13, 8, , , 
2023/11/1, 21, 6, , , 
2023/11/2, 12, 10, , , 
2023/11/3, 14, 6, , , 
2023/11/4, 11, 5, , , 
2023/11/5, 12, 6, , , 
2023/11/6, 18, 8, , , 
2023/11/7, 19, 7, , , 
2023/11/8, 19, 7, , , 
2023/11/9, 18, 7, , , 
2023/11/10, 16, 5, , , 
2023/11/11, 13, 9, , , 
2023/11/12, 28, 9, , , 
2023/11/13, 32, 9, , , 
2023/11/14, 21, 11, , , 
2023/11/15, 23, 10, , , 
2023/11/16, 21, 12, , , 
2023/11/17, 33, 15, , , 
2023/11/18, 49, 9, , , 
2023/11/19, 27, 10, , , 
2023/11/20, 24, 6, , , 
2023/11/21, 18, 13, , , 
2023/11/22, 45, 14, , , 
2023/11/23, 47, 12, , , 
2023/11/24, 33, 8, , , 
2023/11/25, 16, 6, , , 
2023/11/26, 15, 11, , , 
2023/11/27, 37, 7, , , 
2023/11/28, 26, 8, , , 
2023/11/29, 27, 13, , , 
2023/11/30, 42, 15, , , 
2023/12/1, 56, 19, , , 
2023/12/2, 65, 20, , , 
2023/12/3, 67, 15, , , 
2023/12/4, 54, 7, , , 
2023/12/5, 25, 10, , , 
2023/12/6, 36, 13, , , 
2023/12/7, 47, 10, , , 
2023/12/8, 34, 12, , , 
2023/12/9, 36, 11, , , 
2023/12/10, 25, 13, , , 
2023/12/11, 26, 11, , , 
2023/12/12, 22, 10, , , 
2023/12/13, 21, 9, , , 
2023/12/14, 26, 12, , , 
2023/12/15, 38, 16, , , 
2023/12/16, 45, 12, , , 
2023/12/17, 30, 10, , , 
2023/12/18, 32, 14, , , 
2023/12/19, 49, 11, , , 
2023/12/20, 42, 8, , , 
2023/12/21, 17, 7, , , 
2023/12/22, 14, 7, , , 
2023/12/23, 16, 6, , , 
2023/12/24, 14, 6, , , 
2023/12/25, 12, 5, , , 
2023/12/26, 7, 11, , , 
2023/12/27, 25, 9, , , 
2023/12/28, 26, 8, , , 
2023/12/29, 14, 6, , , 
2023/12/30, 13, 8, , , 
2023/12/31, 16, 6, , , 
2024/1/1, 12, 8, , , 
2023/7/2, 18, 22, 34, 2, 1
2023/7/3, 54, 16, 30, 1, 
2023/7/4, 29, 16, 26, 2, 
2023/7/5, 33, 10, 25, 1, 
2023/7/6, 26, 10, 31, 2, 
2023/7/7, 27, 11, 39, 2, 
2023/7/8, 32, 14, 48, 2, 
2023/7/9, 45, 19, 38, 4, 1
2023/7/10, 55, 12, 35, 3, 
2023/7/11, 37, 14, 36, 2, 
2023/7/12, 35, 10, 28, 1, 
2023/7/13, 24, 10, 29, 1, 
2023/7/14, 20, 9, 32, 2, 
2023/7/15, 17, 10, 27, 1, 
2023/7/16, 18, 10, 21, 1, 
2023/7/17, 22, 9, 27, 1, 
2023/7/18, 21, 7, 34, 2, 1
2023/7/19, 14, 10, 27, 3, 
2023/7/20, 21, 10, 29, 3, 1
2023/7/21, 27, 10, 31, 2, 
2023/7/22, 32, 11, 27, 2, 1
2023/7/23, 25, 7, 22, 1, 
2023/7/24, 15, 5, 24, 1, 
2023/7/25, 14, 7, 29, 2, 1
2023/7/26, 13, 9, 30, 3, 1
2023/7/27, 21, 4, 14, 2, 
2023/7/28, 12, 6, 20, 2, 
2023/7/29, 15, 5, 24, 2, 
2023/7/30, 12, 10, 25, 1, 
2023/7/31, 20, 6, 18, 1, 
2023/8/1, 14, 8, 25, 1, 
2023/8/2, 17, 7, 24, 1, 
2023/8/3, 16, 8, 26, 1, 
2023/8/4, 17, 8, 29, 2, 
2023/8/5, 19, 7, 21, 2, 1
2023/8/6, 20, 6, 27, 1, 
2023/8/7, 13, 7, 28, 1, 1
2023/8/8, 14, 8, 25, 3, 1
2023/8/9, 16, 8, 31, 2, 1
2023/8/10, 20, 10, 35, 2, 1
2023/8/11, 28, 14, 37, 2, 1
2023/8/12, 32, 8, 28, 1, 
2023/8/13, 20, 9, 26, 2, 
2023/8/14, 20, 9, 31, 1, 1
2023/8/15, 22, 10, 29, 2, 1
2023/8/16, 24, 11, 36, 4, 1
2023/8/17, 27, 14, 23, 3, 1
2023/8/18, 40, 25, 41, 3, 
2023/8/19, 71, 13, 26, 2, 
2023/8/20, 37, 11, 35, 3, 1
2023/8/21, 27, 11, 32, 4, 1
2023/8/22, 21, 15, 28, 4, 1
2023/8/23, 40, 12, 35, 4, 1
2023/8/24, 28, 13, 23, 4, 
2023/8/25, 36, 15, 24, 4, 
2023/8/26, 42, 8, 24, 2, 1
2023/8/27, 20, 6, 27, 2, 1
2023/8/28, 13, 8, 28, 3, 1
2023/8/29, 22, 11, 26, 4, 1
2023/8/30, 31, 8, 25, 3, 1
2023/8/31, 21, 8, 24, 2, 1
2023/9/1, 19, 6, 18, 2, 1
2023/9/2, 16, 10, 24, 2, 1
2023/9/3, 28, 17, 30, 2, 1
2023/9/4, 56, 11, 41, 3, 
2023/9/5, 35, 11, 36, 4, 1
2023/9/6, 29, 10, 42, 4, 1
2023/9/7, 27, 14, 48, 4, 1
2023/9/8, 39, 21, 53, 4, 1
2023/9/9, 48, 28, 51, 4, 1
2023/9/10, 66, 20, 45, 3, 
2023/9/11, 49, 20, 40, 4, 1
2023/9/12, 49, 19, 28, 4, 1
2023/9/13, 53, 11, 28, 4, 1
2023/9/14, 29, 6, , , 
2023/9/15, 16, 8, , , 
2023/9/16, 23, 10, , , 
2023/9/17, 29, 9, , , 
2023/9/18, 29, 9, , , 
2023/9/19, 24, 9, , , 
2023/9/20, 14, 8, , , 
2023/9/21, 17, 7, , , 
2023/9/22, 19, 6, , , 
2023/9/23, 15, 7, , , 
2023/9/24, 18, 8, , , 
2023/9/25, 24, 6, , , 
2023/9/26, 16, 10, , , 
2023/9/27, 29, 12, , , 
2023/9/28, 34, 13, , , 
2023/9/29, 28, 10, , , 
2023/9/30, 27, 12, , , 
2023/10/1, 33, 9, , , 
2023/4/2, 14, 9, 25, 4, 
2023/4/3, 31, 9, 32, 6, 
2023/4/4, 32, 9, 35, 6, 
2023/4/5, 30, 17, 35, 15, 1
2023/4/6, 62, 15, 27, 7, 
2023/4/7, 50, 8, 32, 6, 
2023/4/8, 31, 12, 30, 6, 
2023/4/9, 48, 18, 36, 5, 
2023/4/10, 61, 9, 32, 2, 
2023/4/11, 34, 7, 35, 4, 
2023/4/12, 27, 5, 36, 2, 
2023/4/13, 17, 5, 37, 3, 
2023/4/14, 19, 6, 33, 4, 
2023/4/15, 29, 8, 39, 7, 1
2023/4/16, 33, 6, 28, 5, 
2023/4/17, 26, 10, 32, 5, 
2023/4/18, 47, 14, 29, 6, 
2023/4/19, 53, 9, 42, 4, 1
2023/4/20, 46, 6, 35, 5, 
2023/4/21, 21, 10, 37, 4, 
2023/4/22, 32, 16, 21, 7, 
2023/4/23, 58, 10, 32, 2, 
2023/4/24, 32, 9, 37, 3, 
2023/4/25, 27, 11, 37, 4, 
2023/4/26, 23, 11, 39, 7, 1
2023/4/27, 27, 17, 40, 6, 
2023/4/28, 51, 13, 23, 4, 
2023/4/29, 37, 17, 33, 6, 
2023/4/30, 56, 13, 39, 5, 
2023/5/1, 42, 17, 36, 5, 1
2023/5/2, 52, 20, 36, 6, 1
2023/5/3, 54, 15, 39, 5, 
2023/5/4, 37, 16, 44, 5, 1
2023/5/5, 45, 13, 31, 5, 
2023/5/6, 38, 11, 31, 3, 
2023/5/7, 30, 10, 21, 4, 
2023/5/8, 32, 21, 22, 5, 
2023/5/9, 60, 8, 19, 4, 
2023/5/10, 25, 8, 24, 5, 
2023/5/11, 22, 12, 27, 6, 
2023/5/12, 38, 11, 24, 6, 
2023/5/13, 34, 21, 44, 6, 
2023/5/14, 56, 31, 39, 5, 
2023/5/15, 75, 23, 32, 5, 
2023/5/16, 62, 9, 32, 3, 
2023/5/17, 16, 12, 36, 6, 
2023/5/18, 27, 14, 39, 4, 1
2023/5/19, 34, 14, 42, 4, 1
2023/5/20, 33, 15, 39, 3, 1
2023/5/21, 39, 17, 37, 4, 
2023/5/22, 47, 32, 30, 6, 
2023/5/23, 72, 21, 33, 4, 
2023/5/24, 46, 16, 33, 7, 1
2023/5/25, 33, 15, 37, 4, 
2023/5/26, 38, 19, 41, 3, 
2023/5/27, 37, 17, 50, 2, 1
2023/5/28, 39, 18, 49, 4, 1
2023/5/29, 45, 13, 38, 1, 
2023/5/30, 28, 16, 41, 2, 
2023/5/31, 29, 13, 46, 4, 1
2023/6/1, 31, 18, 40, 4, 
2023/6/2, 39, 15, 39, 1, 
2023/6/3, 27, 15, 43, 3, 1
2023/6/4, 31, 11, 45, 2, 1
2023/6/5, 24, 14, 45, 3, 1
2023/6/6, 30, 15, 50, 3, 1
2023/6/7, 34, 19, 44, 4, 1
2023/6/8, 43, 22, 55, 4, 1
2023/6/9, 51, 19, 56, 3, 1
2023/6/10, 50, 20, 62, 2, 1
2023/6/11, 55, 16, 47, 2, 
2023/6/12, 50, 15, 65, 3, 
2023/6/13, 43, 17, 68, 3, 1
2023/6/14, 45, 19, 59, 4, 1
2023/6/15, 46, 17, 53, 3, 1
2023/6/16, 43, 20, 73, 6, 1
2023/6/17, 45, 19, 59, 4, 1
2023/6/18, 49, 16, 41, 3, 
2023/6/19, 51, 12, 35, 1, 
2023/6/20, 32, 12, 37, 2, 1
2023/6/21, 33, 11, 41, 2, 
2023/6/22, 31, 16, 29, 7, 
2023/6/23, 49, 21, 41, 4, 
2023/6/24, 53, 10, 37, 3, 
2023/6/25, 28, 14, 50, 4, 
2023/6/26, 43, 11, 35, 2, 
2023/6/27, 24, 13, 34, 3, 1
2023/6/28, 20, 14, 27, 3, 1
2023/6/29, 30, 21, 26, 4, 
2023/6/30, 57, 11, 33, 3, 
2023/7/1, 24, 8, 25, 1, 
2023/2/27, 17, 8, 27, 7, 1
2023/2/28, 25, 13, 27, 10, 1
2023/3/1, 44, 17, 27, 12, 2
2023/3/2, 57, 20, 20, 12, 2
2023/3/3, 61, 18, 21, 9, 1
2023/3/4, 59, 12, 28, 6, 1
2023/3/5, 31, 9, 27, 7, 1
2023/3/6, 32, 21, 24, 7, 1
2023/3/7, 65, 9, 24, 5, 1
2023/3/8, 33, 8, 23, 9, 
2023/3/9, 33, 11, 29, 12, 
2023/3/10, 39, 6, 30, 3, 
2023/3/11, 18, 12, 30, 9, 
2023/3/12, 30, 14, 31, 3, 
2023/3/13, 35, 8, 24, 1, 
2023/3/14, 21, 6, , 5, 
2023/3/15, 15, 8, , 7, 
2023/3/16, 25, 7, , 3, 
2023/3/17, 18, 12, 29, 5, 
2023/3/18, 31, 10, 31, 3, 
2023/3/19, 33, 9, 25, 4, 
2023/3/20, 28, 14, 28, 6, 
2023/3/21, 38, 11, 27, 5, 
2023/3/22, 29, 8, 28, 2, 
2023/3/23, 21, 7, 31, 2, 
2023/3/24, 19, 6, 31, 3, 
2023/3/25, 14, 9, 34, 2, 
2023/3/26, 21, 9, 30, 4, 
2023/3/27, 23, 8, 34, 6, 
2023/3/28, 18, 10, 34, 9, 
2023/3/29, 26, 10, 28, 4, 
2023/3/30, 26, 8, 31, 3, 
2023/3/31, 18, 6, 31, 2, 
2023/4/1, 15, 4, 29, 3, 
2022/10/2, 23, 9, , , 
2022/10/3, 22, 12, , , 
2022/10/4, 35, 13, , , 
2022/10/5, 36, 10, , , 
2022/10/6, 22, 13, , , 
2022/10/7, 23, 14, , , 
2022/10/8, 27, 11, , , 
2022/10/9, 25, 10, , , 
2022/10/10, 27, 14, , , 
2022/10/11, 32, 15, , , 
2022/10/12, 37, 15, , , 
2022/10/13, 38, 15, , , 
2022/10/14, 41, 9, , , 
2022/10/15, 28, 9, , , 
2022/10/16, 27, 8, , , 
2022/10/17, 18, 12, , , 
2022/10/18, 29, 15, , , 
2022/10/19, 32, 17, , , 
2022/10/20, 40, 14, , , 
2022/10/21, 33, 9, , , 
2022/10/22, 17, 12, , , 
2022/10/23, 23, 11, , , 
2022/10/24, 23, 11, , , 
2022/10/25, 22, 9, , , 
2022/10/26, 17, 10, , , 
2022/10/27, 21, 13, , , 
2022/10/28, 26, 22, , , 
2022/10/29, 45, 21, , , 
2022/10/30, 47, 21, , , 
2022/10/31, 50, 15, , , 
2022/11/1, 41, 10, , , 
2022/11/2, 22, 11, , , 
2022/11/3, 19, 9, , , 
2022/11/4, 22, 7, , , 
2022/11/5, 16, , , , 
2022/7/2, 17, 7, , , 
2022/7/3, 21, 7, , , 
2022/7/4, 22, 9, , , 
2022/7/5, 24, 11, , , 
2022/7/6, 31, 10, , , 
2022/7/7, 29, 8, , , 
2022/7/8, 20, 10, , , 
2022/7/9, 24, 10, , , 
2022/7/10, 30, 8, , , 
2022/7/11, 22, 10, , , 
2022/7/12, 31, 9, , , 
2022/7/13, 27, 12, , , 
2022/7/14, 30, 14, , , 
2022/7/15, 35, 11, , , 
2022/7/16, 28, 11, , , 
2022/7/17, 34, 8, , , 
2022/7/18, 20, 12, , , 
2022/7/19, 29, 14, , , 
2022/7/20, 35, 23, , , 
2022/7/21, 63, 13, , , 
2022/7/22, 36, 12, , , 
2022/7/23, 31, 14, , , 
2022/7/24, 44, 17, , , 
2022/7/25, 45, 13, , , 
2022/7/26, 26, 11, , , 
2022/7/27, 22, 8, , , 
2022/7/28, 18, 11, , , 
2022/7/29, 22, 15, , , 
2022/7/30, 36, 15, , , 
2022/7/31, 35, 8, , , 
2022/8/1, 19, 8, , , 
2022/8/2, 19, 12, , , 
2022/8/3, 28, 12, , , 
2022/8/4, 23, 18, , , 
2022/8/5, 44, 12, , , 
2022/8/6, 32, 8, , , 
2022/8/7, 19, 9, , , 
2022/8/8, 26, 13, , , 
2022/8/9, 33, 11, , , 
2022/8/10, 26, 15, , , 
2022/8/11, 33, 18, , , 
2022/8/12, 43, 21, , , 
2022/8/13, 49, 14, , , 
2022/8/14, 37, 13, , , 
2022/8/15, 34, 12, , , 
2022/8/16, 33, 20, , , 
2022/8/17, 48, 19, , , 
2022/8/18, 54, 27, , , 
2022/8/19, 72, 13, , , 
2022/8/20, 34, 13, , , 
2022/8/21, 28, 12, , , 
2022/8/22, 25, 13, , , 
2022/8/23, 31, 16, , , 
2022/8/24, 34, 14, , , 
2022/8/25, 32, 22, , , 
2022/8/26, 51, 9, , , 
2022/8/27, 16, 10, , , 
2022/8/28, 22, 10, , , 
2022/8/29, 17, 10, , , 
2022/8/30, 17, 16, , , 
2022/8/31, 32, 15, , , 
2022/9/1, 35, 16, , , 
2022/9/2, 37, 14, , , 
2022/9/3, 35, 11, , , 
2022/9/4, 34, 10, , , 
2022/9/5, 25, 11, , , 
2022/9/6, 24, 10, , , 
2022/9/7, 26, 12, , , 
2022/9/8, 31, 8, , , 
2022/9/9, 19, 7, , , 
2022/9/10, 15, 11, , , 
2022/9/11, 28, 10, , , 
2022/9/12, 33, 10, , , 
2022/9/13, 27, 13, , , 
2022/9/14, 32, 11, , , 
2022/9/15, 33, 13, , , 
2022/9/16, 34, 8, , , 
2022/9/17, 16, 5, , , 
2022/9/18, 12, 7, , , 
2022/9/19, 14, 9, , , 
2022/9/20, 15, 9, , , 
2022/9/21, 22, 12, , , 
2022/9/22, 33, 11, , , 
2022/9/23, 29, 17, , , 
2022/9/24, 43, 13, , , 
2022/9/25, 45, 10, , , 
2022/9/26, 24, 7, , , 
2022/9/27, 18, 5, , , 
2022/9/28, 13, 9, , , 
2022/9/29, 21, 12, , , 
2022/9/30, 38, 13, , , 
2022/10/1, 41, 9, , , 
2022/4/2, 31, 8, , , 
2022/4/3, 20, 8, , , 
2022/4/4, 24, 11, , , 
2022/4/5, 36, 8, , , 
2022/4/6, 25, 8, , , 
2022/4/7, 16, 7, , , 
2022/4/8, 17, 9, , , 
2022/4/9, 21, 9, , , 
2022/4/10, 21, 11, , , 
2022/4/11, 36, 9, , , 
2022/4/12, 28, 10, , , 
2022/4/13, 24, 17, , , 
2022/4/14, 46, 15, , , 
2022/4/15, 49, 16, , , 
2022/4/16, 50, 12, , , 
2022/4/17, 42, 7, , , 
2022/4/18, 21, 6, , , 
2022/4/19, 19, 26, , , 
2022/4/20, 63, 14, , , 
2022/4/21, 33, 15, , , 
2022/4/22, 35, 16, , , 
2022/4/23, 45, 19, , , 
2022/4/24, 54, 15, , , 
2022/4/25, 43, 14, , , 
2022/4/26, 41, 15, , , 
2022/4/27, 39, 14, , , 
2022/4/28, 36, 18, , , 
2022/4/29, 44, 26, , , 
2022/4/30, 59, 11, , , 
2022/5/1, 31, 13, , , 
2022/5/2, 43, 18, , , 
2022/5/3, 49, 14, , , 
2022/5/4, 36, 18, , , 
2022/5/5, 43, 18, , , 
2022/5/6, 52, 17, , , 
2022/5/7, 47, 18, , , 
2022/5/8, 49, 14, , , 
2022/5/9, 33, 19, , , 
2022/5/10, 34, 22, , , 
2022/5/11, 43, 13, , , 
2022/5/12, 18, 16, , , 
2022/5/13, 28, 12, , , 
2022/5/14, 18, 15, , , 
2022/5/15, 28, 19, , , 
2022/5/16, 41, 16, , , 
2022/5/17, 39, 11, , , 
2022/5/18, 24, 13, , , 
2022/5/19, 33, 18, , , 
2022/5/20, 44, 16, , , 
2022/5/21, 47, 9, , , 
2022/5/22, 18, 11, , , 
2022/5/23, 28, 14, , , 
2022/5/24, 40, 7, , , 
2022/5/25, 15, 9, , , 
2022/5/26, 18, 9, , , 
2022/5/27, 22, 9, , , 
2022/5/28, 21, 13, , , 
2022/5/29, 24, 5, , , 
2022/5/30, 9, 9, , , 
2022/5/31, 19, 12, , , 
2022/6/1, 27, 10, , , 
2022/6/2, 27, 9, , , 
2022/6/3, 26, 12, , , 
2022/6/4, 36, 14, , , 
2022/6/5, 39, 19, , , 
2022/6/6, 59, 10, , , 
2022/6/7, 29, 7, , , 
2022/6/8, 15, 7, , , 
2022/6/9, 14, 13, , , 
2022/6/10, 31, 12, , , 
2022/6/11, 24, 10, , , 
2022/6/12, 26, 10, , , 
2022/6/13, 23, 11, , , 
2022/6/14, 25, 8, , , 
2022/6/15, 19, 16, , , 
2022/6/16, 39, 15, , , 
2022/6/17, 39, 13, , , 
2022/6/18, 32, 20, , , 
2022/6/19, 47, 14, , , 
2022/6/20, 34, 13, , , 
2022/6/21, 32, 14, , , 
2022/6/22, 32, 17, , , 
2022/6/23, 39, 12, , , 
2022/6/24, 30, 7, , , 
2022/6/25, 19, 8, , , 
2022/6/26, 21, 9, , , 
2022/6/27, 21, 9, , , 
2022/6/28, 24, 9, , , 
2022/6/29, 19, 13, , , 
2022/6/30, 30, 10, , , 
2022/7/1, 24, 7, , , 
2022/1/4, 12, 5, , , 
2022/1/5, 16, 9, , , 
2022/1/6, 23, 11, , , 
2022/1/7, 26, 7, , , 
2022/1/8, 22, 7, , , 
2022/1/9, 27, 13, , , 
2022/1/10, 34, 13, , , 
2022/1/11, 46, 13, , , 
2022/1/12, 45, 21, , , 
2022/1/13, 67, 18, , , 
2022/1/14, 59, 27, , , 
2022/1/15, 76, 24, , , 
2022/1/16, 75, 24, , , 
2022/1/17, 77, 20, , , 
2022/1/18, 61, 22, , , 
2022/1/19, 54, 18, , , 
2022/1/20, 57, 8, , , 
2022/1/21, 17, 11, , , 
2022/1/22, 27, 16, , , 
2022/1/23, 52, 18, , , 
2022/1/24, 59, 14, , , 
2022/1/25, 48, 23, , , 
2022/1/26, 74, 32, , , 
2022/1/27, 88, 15, , , 
2022/1/28, 49, 15, , , 
2022/1/29, 50, 15, , , 
2022/1/30, 51, , , , 
2022/2/1, 30, 9, , , 
2022/2/2, 22, 8, , , 
2022/2/3, 23, 10, , , 
2022/2/4, 29, 7, , , 
2022/2/5, 20, 9, , , 
2022/2/6, 20, 4, , , 
2022/2/7, 9, 10, , , 
2022/2/8, 19, 6, , , 
2022/2/9, 16, 9, , , 
2022/2/10, 27, 12, , , 
2022/2/11, 39, 14, , , 
2022/2/12, 32, 13, , , 
2022/2/13, 34, 8, , , 
2022/2/14, 25, 7, , , 
2022/2/15, 16, 7, , , 
2022/2/16, 20, 6, , , 
2022/2/17, 12, 12, , , 
2022/2/18, 22, 12, , , 
2022/2/19, 23, 8, , , 
2022/2/20, 15, 10, , , 
2022/2/21, 21, 11, , , 
2022/2/22, 21, 11, , , 
2022/2/23, 24, 11, , , 
2022/2/24, 27, 9, , , 
2022/2/25, 22, 11, , , 
2022/2/26, 23, 15, , , 
2022/2/27, 41, 7, , , 
2022/2/28, 25, 13, , , 
2022/3/1, 39, 21, , , 
2022/3/2, 61, 21, , , 
2022/3/3, 62, 24, , , 
2022/3/4, 67, 21, , , 
2022/3/5, 62, 27, , , 
2022/3/6, 77, 28, , , 
2022/3/7, 80, 12, , , 
2022/3/8, 40, 13, , , 
2022/3/9, 43, 21, , , 
2022/3/10, 60, 23, , , 
2022/3/11, 65, 14, , , 
2022/3/12, 37, 7, , , 
2022/3/13, 17, 7, , , 
2022/3/14, 22, 11, , , 
2022/3/15, 30, 9, , , 
2022/3/16, 25, 15, , , 
2022/3/17, 45, 13, , , 
2022/3/18, 33, 12, , , 
2022/3/19, 36, 11, , , 
2022/3/20, 31, 24, , , 
2022/3/21, 69, 20, , , 
2022/3/22, 60, 21, , , 
2022/3/23, 53, 28, , , 
2022/3/24, 67, 40, , , 
2022/3/25, 88, 40, , , 
2022/3/26, 87, 34, , , 
2022/3/27, 74, 21, , , 
2022/3/28, 64, 26, , , 
2022/3/29, 67, 36, , , 
2022/3/30, 85, 26, , , 
2022/3/31, 65, 11, , , 
2022/4/1, 35, 8, , , 
2021/10/2, 14, 8, , , 
2021/10/3, 19, , , , 
2021/10/4, 10, 8, , , 
2021/10/5, 15, 7, , , 
2021/10/6, 12, 7, , , 
2021/10/7, 18, 10, , , 
2021/10/8, 29, 15, , , 
2021/10/9, 49, 20, , , 
2021/10/10, 62, 32, , , 
2021/10/11, 87, 14, , , 
2021/10/12, 34, 11, , , 
2021/10/13, 38, 10, , , 
2021/10/14, 26, 14, , , 
2021/10/15, 38, 12, , , 
2021/10/16, 33, 11, , , 
2021/10/17, 27, 13, , , 
2021/10/18, 38, 14, , , 
2021/10/19, 44, 10, , , 
2021/10/20, 28, 10, , , 
2021/10/21, 26, 9, , , 
2021/10/22, 23, 10, , , 
2021/10/23, 21, 12, , , 
2021/10/24, 39, 10, , , 
2021/10/25, 33, 10, , , 
2021/10/26, 33, 11, , , 
2021/10/27, 33, 11, , , 
2021/10/28, 33, 11, , , 
2021/10/29, 29, 10, , , 
2021/10/30, 28, 8, , , 
2021/10/31, 19, 8, , , 
2021/11/1, 17, 7, , , 
2021/11/2, 13, 8, , , 
2021/11/3, 24, 12, , , 
2021/11/4, 37, 11, , , 
2021/11/5, 41, 9, , , 
2021/11/6, 27, 8, , , 
2021/11/7, 26, 10, , , 
2021/11/8, 22, 19, , , 
2021/11/9, 44, 19, , , 
2021/11/10, 49, 22, , , 
2021/11/11, 58, 22, , , 
2021/11/12, 66, 18, , , 
2021/11/13, 57, 9, , , 
2021/11/14, 30, 17, , , 
2021/11/15, 57, 19, , , 
2021/11/16, 61, 21, , , 
2021/11/17, 65, 18, , , 
2021/11/18, 56, 17, , , 
2021/11/19, 42, 15, , , 
2021/11/20, 48, 13, , , 
2021/11/21, 44, 9, , , 
2021/11/22, 30, 7, , , 
2021/11/23, 17, 26, , , 
2021/11/24, 64, 33, , , 
2021/11/25, 82, 24, , , 
2021/11/26, 69, 8, , , 
2021/11/27, 22, 7, , , 
2021/11/28, 25, 12, , , 
2021/11/29, 45, 8, , , 
2021/11/30, 26, 7, , , 
2021/12/1, 22, 4, , , 
2021/12/2, 11, 6, , , 
2021/12/3, 21, 8, , , 
2021/12/4, 23, 5, , , 
2021/12/5, 15, 8, , , 
2021/12/6, 27, 11, , , 
2021/12/7, 42, 8, , , 
2021/12/8, 20, 7, , , 
2021/12/9, 16, 8, , , 
2021/12/10, 21, 6, , , 
2021/12/11, 19, 12, , , 
2021/12/12, 35, 9, , , 
2021/12/13, 29, 8, , , 
2021/12/14, 26, 12, , , 
2021/12/15, 36, 16, , , 
2021/12/16, 54, 28, , , 
2021/12/17, 71, 19, , , 
2021/12/18, 62, 16, , , 
2021/12/19, 54, 7, , , 
2021/12/20, 24, 10, , , 
2021/12/21, 21, 17, , , 
2021/12/22, 49, 15, , , 
2021/12/23, 48, 20, , , 
2021/12/24, 64, 16, , , 
2021/12/25, 53, 16, , , 
2021/12/26, 53, 11, , , 
2021/12/27, 44, 7, , , 
2021/12/28, 20, 8, , , 
2021/12/29, 18, 7, , , 
2021/12/30, 15, 7, , , 
2021/12/31, 18, 8, , , 
2022/1/1, 23, 8, , , 
2022/1/2, 26, 9, , , 
2022/1/3, 26, 6, , , 
2021/7/2, 25, 14, , , 
2021/7/3, 38, 12, , , 
2021/7/4, 36, 9, , , 
2021/7/5, 21, 8, , , 
2021/7/6, 14, 10, , , 
2021/7/7, 14, 9, , , 
2021/7/8, 21, 13, , , 
2021/7/9, 32, 10, , , 
2021/7/10, 27, 10, , , 
2021/7/11, 32, 9, , , 
2021/7/12, 24, 9, , , 
2021/7/13, 21, 20, , , 
2021/7/14, 56, 13, , , 
2021/7/15, 34, 13, , , 
2021/7/16, 38, 16, , , 
2021/7/17, 32, 15, , , 
2021/7/18, 34, 10, , , 
2021/7/19, 28, 12, , , 
2021/7/20, 34, 15, , , 
2021/7/21, 46, 16, , , 
2021/7/22, 50, 19, , , 
2021/7/23, 54, 14, , , 
2021/7/24, 33, 18, , , 
2021/7/25, 47, 10, , , 
2021/7/26, 18, 11, , , 
2021/7/27, 19, 14, , , 
2021/7/28, 36, 11, , , 
2021/7/29, 21, 12, , , 
2021/7/30, 19, 11, , , 
2021/7/31, 21, 9, , , 
2021/8/1, 19, 12, , , 
2021/8/2, 24, 10, , , 
2021/8/3, 22, 13, , , 
2021/8/4, 30, 12, , , 
2021/8/5, 37, 14, , , 
2021/8/6, 40, 6, , , 
2021/8/7, 17, 10, , , 
2021/8/8, 20, 12, , , 
2021/8/9, 28, 9, , , 
2021/8/10, 20, 8, , , 
2021/8/11, 21, 10, , , 
2021/8/12, 25, 9, , , 
2021/8/13, 21, 13, , , 
2021/8/14, 23, 12, , , 
2021/8/15, 23, 14, , , 
2021/8/16, 29, 10, , , 
2021/8/17, 24, 13, , , 
2021/8/18, 33, 11, , , 
2021/8/19, 27, 7, , , 
2021/8/20, 11, 8, , , 
2021/8/21, 17, 7, , , 
2021/8/22, 17, 9, , , 
2021/8/23, 24, 13, , , 
2021/8/24, 32, 11, , , 
2021/8/25, 27, 12, , , 
2021/8/26, 32, 9, , , 
2021/8/27, 16, 10, , , 
2021/8/28, 18, 10, , , 
2021/8/29, 25, 10, , , 
2021/8/30, 22, 14, , , 
2021/8/31, 36, 17, , , 
2021/9/1, 44, 11, , , 
2021/9/2, 25, 16, , , 
2021/9/3, 43, 25, , , 
2021/9/4, 67, 29, , , 
2021/9/5, 78, 25, , , 
2021/9/6, 70, 22, , , 
2021/9/7, 61, 21, , , 
2021/9/8, 56, 17, , , 
2021/9/9, 47, 15, , , 
2021/9/10, 42, 10, , , 
2021/9/11, 30, 9, , , 
2021/9/12, 21, 11, , , 
2021/9/13, 27, 13, , , 
2021/9/14, 38, 18, , , 
2021/9/15, 53, 13, , , 
2021/9/16, 37, 13, , , 
2021/9/17, 34, 18, , , 
2021/9/18, 52, 14, , , 
2021/9/19, 45, 17, , , 
2021/9/20, 54, 12, , , 
2021/9/21, 34, 12, , , 
2021/9/22, 34, 12, , , 
2021/9/23, 32, 16, , , 
2021/9/24, 42, 11, , , 
2021/9/25, 24, 10, , , 
2021/9/26, 30, 13, , , 
2021/9/27, 43, 10, , , 
2021/9/28, 27, 10, , , 
2021/9/29, 20, 8, , , 
2021/9/30, 20, 8, , , 
2021/10/1, 15, 8, , , 
2021/4/2, 73, 14, 33, 4, 
2021/4/3, 33, 12, 35, 1, 
2021/4/4, 21, 17, 36, , 
2021/4/5, 40, 14, 33, , 
2021/4/6, 32, 5, 31, , 
2021/4/7, 12, 8, 31, , 
2021/4/8, 16, 17, 34, 12, 
2021/4/9, 47, 18, 38, 10, 
2021/4/10, 49, 15, 23, 10, 
2021/4/11, 49, 8, 34, 5, 
2021/4/12, 25, 8, 31, 5, 
2021/4/13, 26, 11, 34, 9, 
2021/4/14, 33, 13, 32, 8, 
2021/4/15, 39, 8, 33, 6, 
2021/4/16, 20, 12, 37, 7, 
2021/4/17, 36, 12, 39, 4, 
2021/4/18, 31, 18, 38, 7, 1
2021/4/19, 52, 26, 26, 11, 
2021/4/20, 68, 38, 36, 10, 
2021/4/21, 97, 35, 40, 11, 1
2021/4/22, 82, 15, 35, 3, 
2021/4/23, 25, 13, 39, 3, 
2021/4/24, 26, 12, 42, 2, 
2021/4/25, 27, 10, 39, 1, 
2021/4/26, 21, 14, 38, 4, 
2021/4/27, 30, 19, 44, 5, 1
2021/4/28, 43, 26, 44, 6, 1
2021/4/29, 55, 18, 38, 5, 
2021/4/30, 50, 16, 38, 6, 
2021/5/1, 46, 17, 41, 7, 
2021/5/2, 54, 10, 38, 3, 
2021/5/3, 28, 13, 44, 4, 
2021/5/4, 38, 11, 37, 1, 
2021/5/5, 19, 7, 33, 2, 
2021/5/6, 17, 8, 31, 3, 
2021/5/7, 18, 12, 37, 4, 
2021/5/8, 39, 9, 29, 2, 
2021/5/9, 25, 9, 38, , 
2021/5/10, 24, 7, 36, , 
2021/5/11, 17, 10, 30, 4, 
2021/5/12, 23, 10, 37, 3, 
2021/5/13, 26, 8, 32, 2, 
2021/5/14, 22, 8, 31, 4, 
2021/5/15, 25, 15, 31, 1, 
2021/5/16, 39, 9, 31, 1, 
2021/5/17, 17, 6, 32, 1, 
2021/5/18, 16, 9, 39, 2, 
2021/5/19, 21, 7, 30, 3, 
2021/5/20, 14, 11, 33, 3, 
2021/5/21, 32, 13, 34, , 
2021/5/22, 23, 6, 30, , 
2021/5/23, 15, 9, 37, , 
2021/5/24, 21, 4, 36, , 
2021/5/25, 11, 7, 32, 2, 
2021/5/26, 18, 9, 35, 2, 
2021/5/27, 22, 12, 32, 3, 
2021/5/28, 33, 10, 39, 4, 
2021/5/29, 30, 10, 45, 3, 
2021/5/30, 32, 11, 44, 2, 
2021/5/31, 36, 10, 51, 2, 
2021/6/1, 30, 12, 52, 2, 
2021/6/2, 32, 15, 56, 2, 
2021/6/3, 38, 16, 45, 1, 
2021/6/4, 44, 17, 40, 7, 1
2021/6/5, 46, 26, 30, 4, 1
2021/6/6, 72, 13, 44, 2, 
2021/6/7, 40, 10, 51, 3, 
2021/6/8, 29, 18, 60, 5, 
2021/6/9, 51, 23, 56, 6, 
2021/6/10, 59, 11, 36, 3, 1
2021/6/11, 25, 9, 28, 2, 
2021/6/12, 18, 14, 34, 1, 
2021/6/13, 40, 11, 41, 2, 
2021/6/14, 27, 16, 69, 2, 1
2021/6/15, 36, 19, 44, 3, 1
2021/6/16, 47, 19, 64, 2, 
2021/6/17, 46, 16, 47, 2, 
2021/6/18, 39, 19, 39, 3, 
2021/6/19, 50, 9, 31, 1, 
2021/6/20, 27, 11, 35, 3, 
2021/6/21, 33, 9, 28, 2, 
2021/6/22, 26, 12, 27, 3, 
2021/6/23, 33, 15, 25, 3, 
2021/6/24, 39, 19, 30, 4, 
2021/6/25, 46, 15, 32, 2, 
2021/6/26, 43, 16, 31, 3, 
2021/6/27, 46, 22, 34, 2, 
2021/6/28, 63, 11, 29, 2, 
2021/6/29, 31, 14, 32, 2, 
2021/6/30, 35, 9, 24, 2, 
2021/7/1, 26, 11, , , 
2021/1/5, 38, 13, 6, 7, 
2021/1/6, 52, 12, 6, 10, 
2021/1/7, 46, 12, 15, 10, 
2021/1/8, 41, 15, 8, 13, 
2021/1/9, 52, 16, 1, 15, 1
2021/1/10, 57, , 4, 16, 1
2021/1/13, 21, 15, 13, 13, 
2021/1/14, 49, 8, 16, 7, 
2021/1/15, 27, 14, 8, 15, 
2021/1/16, 48, 17, 12, 10, 
2021/1/17, 59, 11, 19, 7, 
2021/1/18, 37, 13, 20, 8, 
2021/1/19, 41, 7, 23, 3, 
2021/1/20, 23, 7, 28, 2, 
2021/1/21, 20, 6, 29, 2, 
2021/1/22, 14, 9, 24, 8, 
2021/1/23, 24, 9, 21, 4, 
2021/1/24, 27, 9, 22, 3, 
2021/1/25, 34, 11, 19, 9, 
2021/1/26, 39, 10, 18, 8, 
2021/1/27, 28, 9, 22, 7, 
2021/1/28, 33, 7, 22, 6, 
2021/1/29, 22, 9, 27, 3, 
2021/1/30, 23, 7, 18, 4, 
2021/1/31, 29, 10, 13, 4, 
2021/2/1, 44, 12, 6, 10, 
2021/2/2, 44, 10, 25, 5, 
2021/2/3, 30, 8, 26, 4, 
2021/2/4, 18, 10, 23, 6, 
2021/2/5, 20, 11, 19, 7, 
2021/2/6, 31, 15, 11, 9, 
2021/2/7, 51, 14, 16, 6, 
2021/2/8, 54, 19, 20, 7, 
2021/2/9, 63, 15, 25, 7, 1
2021/2/10, 54, 14, 23, 9, 1
2021/2/11, 52, 17, 22, 13, 
2021/2/12, 58, 17, 23, 12, 
2021/2/13, 55, 9, 28, 5, 
2021/2/14, 30, 6, 28, 4, 
2021/2/15, 19, 10, 24, 5, 
2021/2/16, 35, 9, 26, 5, 
2021/2/17, 27, 9, 26, 3, 
2021/2/18, 20, 6, 24, 3, 
2021/2/19, 14, 9, 27, 4, 
2021/2/20, 25, 19, 28, 2, 
2021/2/21, 37, 14, 30, 4, 
2021/2/22, 34, 21, 27, 4, 
2021/2/23, 37, 25, 27, 3, 
2021/2/24, 45, 26, 28, 3, 
2021/2/25, 48, 39, 23, 7, 
2021/2/26, 66, 14, 27, 10, 
2021/2/27, 35, 18, 16, 11, 
2021/2/28, 57, 19, 23, 7, 
2021/3/1, 60, 25, 13, 12, 
2021/3/2, 74, 25, 23, 13, 1
2021/3/3, 64, 42, 25, 14, 
2021/3/4, 83, 27, 28, 16, 1
2021/3/5, 77, 10, 28, 7, 
2021/3/6, 27, 20, 24, 13, 
2021/3/7, 61, 19, 29, 8, 1
2021/3/8, 62, 22, 20, 12, 
2021/3/9, 62, 23, , 9, 
2021/3/10, 68, 22, 33, 4, 
2021/3/11, 64, 12, 34, , 
2021/3/12, 27, 9, 33, 1, 
2021/3/13, 15, 8, 34, , 
2021/3/14, 17, 7, 31, 1, 
2021/3/15, 17, 9, 30, 4, 
2021/3/16, 22, 9, 25, 7, 
2021/3/17, 25, 10, 25, 8, 
2021/3/18, 28, 10, 27, 7, 
2021/3/19, 22, 9, 31, 4, 
2021/3/20, 27, 15, 29, 6, 
2021/3/21, 46, 15, 34, 3, 
2021/3/22, 41, 13, 33, 8, 
2021/3/23, 25, 23, 35, 7, 
2021/3/24, 61, 29, 37, 6, 
2021/3/25, 75, 21, 29, 6, 
2021/3/26, 56, 14, 38, 3, 
2021/3/27, 44, 8, 35, 1, 
2021/3/28, 19, 8, 37, 1, 
2021/3/29, 20, 13, 40, 3, 
2021/3/30, 33, 15, 47, 5, 
2021/3/31, 44, 21, 51, 7, 
2021/4/1, 51, 34, 36, 15, 
2020/10/2, 22, 9, 16, 6, 
2020/10/3, 20, 10, 20, 3, 1
2020/10/4, 24, 8, 23, , 1
2020/10/5, 13, 5, 21, 2, 
2020/10/6, 11, 6, 23, 1, 
2020/10/7, 12, 10, 22, 3, 
2020/10/8, 21, 7, 18, 2, 
2020/10/9, 13, 10, 20, 6, 
2020/10/10, 25, 7, 23, 3, 1
2020/10/11, 18, 8, 22, 3, 
2020/10/12, 24, 9, 21, 7, 1
2020/10/13, 22, 9, 15, 5, 1
2020/10/14, 25, 14, 15, 8, 1
2020/10/15, 42, 8, 17, 6, 1
2020/10/16, 18, 12, 12, 9, 1
2020/10/17, 36, 19, 10, 13, 1
2020/10/18, 57, 25, 15, 8, 1
2020/10/19, 72, 14, 20, 8, 1
2020/10/20, 41, 11, 21, 3, 1
2020/10/21, 29, 8, 29, 1, 1
2020/10/22, 15, 8, 21, 4, 1
2020/10/23, 17, 13, 20, 5, 
2020/10/24, 32, 6, 22, 1, 
2020/10/25, 14, 5, 24, , 
2020/10/26, 12, 7, 22, 1, 1
2020/10/27, 15, 7, 22, 1, 
2020/10/28, 16, 8, 22, 2, 
2020/10/29, 15, 9, 19, 4, 
2020/10/30, 16, 7, 23, 2, 
2020/10/31, 11, 9, 28, 2, 
2020/11/1, 22, 9, 23, 1, 
2020/11/2, 15, 8, 28, 1, 
2020/11/3, 12, 12, 26, 2, 
2020/11/4, 22, 12, 17, 10, 1
2020/11/5, 32, 17, 18, 17, 3
2020/11/6, 48, 17, 12, 13, 3
2020/11/7, 49, 17, 13, 8, 1
2020/11/8, 51, 14, 17, 6, 1
2020/11/9, 42, 14, 11, 8, 
2020/11/10, 39, 19, 5, 10, 1
2020/11/11, 58, 14, 14, 5, 1
2020/11/12, 45, 12, 23, 3, 1
2020/11/13, 24, 11, 15, 4, 1
2020/11/14, 30, 12, 22, 3, 1
2020/11/15, 39, 8, 26, , 1
2020/11/16, 20, 8, 25, 3, 1
2020/11/17, 20, 11, 21, 3, 1
2020/11/18, 24, 9, 22, 3, 1
2020/11/19, 18, 11, 25, 6, 1
2020/11/20, 21, 15, 13, 12, 1
2020/11/21, 40, 11, 21, 4, 
2020/11/22, 32, 12, 21, 4, 
2020/11/23, 36, 15, 12, 9, 2
2020/11/24, 48, 13, 16, 5, 1
2020/11/25, 45, 19, 13, 5, 1
2020/11/26, 53, 24, 13, 14, 2
2020/11/27, 65, 40, 1, 15, 2
2020/11/28, 102, 23, 8, 14, 
2020/11/29, 72, 29, 5, 12, 
2020/11/30, 90, 26, 4, 10, 
2020/12/1, 79, 14, 13, 11, 
2020/12/2, 25, 15, 12, 12, 
2020/12/3, 48, 10, 19, 3, 
2020/12/4, 32, 5, 22, 2, 
2020/12/5, 13, 8, 21, 3, 
2020/12/6, 27, 26, 9, 12, 
2020/12/7, 80, 26, 9, 13, 
2020/12/8, 82, 21, 6, 14, 
2020/12/9, 62, 38, 3, 14, 
2020/12/10, 100, , , , 
2020/12/12, 31, 14, 13, 7, 
2020/12/13, 44, 8, 23, 3, 
2020/12/14, 21, 4, 19, 3, 
2020/12/15, 14, 9, 12, 7, 
2020/12/16, 30, 7, 17, 4, 
2020/12/17, 24, 8, 19, 4, 
2020/12/18, 21, 7, 21, 3, 
2020/12/19, 20, 7, 19, 2, 
2020/12/20, 25, 10, 21, 2, 
2020/12/21, 25, 7, 21, 2, 
2020/12/22, 18, 4, 21, 3, 
2020/12/23, 12, 5, 26, 2, 
2020/12/24, 13, 7, 23, 5, 
2020/12/25, 20, 11, 23, 7, 
2020/12/26, 32, 9, 21, 4, 
2020/12/27, 32, 5, 25, 1, 
2020/12/28, 19, 6, 23, 4, 
2020/12/29, 21, 14, 14, 11, 
2020/12/30, 52, 11, 19, 7, 
2020/12/31, 38, 12, 16, 10, 
2021/1/1, 39, 22, 10, 9, 
2021/1/2, 72, 21, 9, 8, 
2021/1/3, 67, 21, 11, 8, 
2021/1/4, 67, 9, 9, 7, 
2020/7/2, 12, 6, 24, 1, 1
2020/7/3, 10, 11, 27, 1, 1
2020/7/4, 20, 7, 18, 1, 1
2020/7/5, 13, 8, 25, , 1
2020/7/6, 8, 13, 23, 1, 1
2020/7/7, 26, 12, 29, 2, 1
2020/7/8, 24, 7, 18, 2, 1
2020/7/9, 12, 8, 11, 1, 1
2020/7/10, 12, 8, 24, 1, 
2020/7/11, 14, 9, 26, 2, 1
2020/7/12, 22, 7, 28, 3, 1
2020/7/13, 20, 9, 40, 3, 1
2020/7/14, 22, 10, 19, 4, 1
2020/7/15, 22, 10, 24, 5, 1
2020/7/16, 26, 9, 15, 2, 1
2020/7/17, 24, 12, 17, 4, 
2020/7/18, 35, 10, 28, 2, 
2020/7/19, 25, 10, 24, 2, 1
2020/7/20, 25, 11, 27, 1, 1
2020/7/21, 22, 8, 30, 2, 1
2020/7/22, 17, 10, 30, 2, 1
2020/7/23, 21, 11, 41, 4, 1
2020/7/24, 21, 12, 27, 2, 1
2020/7/25, 23, 9, 21, 1, 
2020/7/26, 15, 7, 19, , 
2020/7/27, 11, 11, 33, 2, 1
2020/7/28, 17, 10, 23, , 1
2020/7/29, 20, 12, 31, 2, 1
2020/7/30, 27, 11, 43, 2, 1
2020/7/31, 23, 17, 51, 4, 1
2020/8/1, 40, 16, 28, 2, 1
2020/8/2, 30, 11, 28, 2, 1
2020/8/3, 25, 9, 28, 3, 1
2020/8/4, 22, 10, 37, 3, 
2020/8/5, 24, 13, 43, 3, 1
2020/8/6, 27, 14, 57, 4, 
2020/8/7, 28, 13, 63, 3, 
2020/8/8, 30, 17, 83, 4, 1
2020/8/9, 46, 18, 56, 3, 1
2020/8/10, 51, 17, 72, 5, 
2020/8/11, 52, 25, 94, 6, 
2020/8/12, 64, 22, 81, 4, 
2020/8/13, 61, 32, 64, 5, 
2020/8/14, 82, 15, 36, 2, 
2020/8/15, 38, 11, 35, 2, 
2020/8/16, 32, 14, 38, 3, 
2020/8/17, 44, 10, 28, 2, 1
2020/8/18, 29, 9, 30, 2, 
2020/8/19, 21, 9, 29, 2, 
2020/8/20, 20, 7, 35, 2, 
2020/8/21, 17, 11, 34, 2, 
2020/8/22, 24, 11, 27, 1, 
2020/8/23, 20, 8, 23, , 
2020/8/24, 16, 7, 24, 1, 
2020/8/25, 11, 7, 26, 2, 
2020/8/26, 11, 14, 25, 1, 
2020/8/27, 23, 12, 28, 2, 
2020/8/28, 20, 8, 21, 1, 
2020/8/29, 16, 7, 21, 1, 
2020/8/30, 18, 8, 24, 1, 
2020/8/31, 18, 12, 27, 4, 1
2020/9/1, 20, 10, 30, 5, 1
2020/9/2, 20, 14, 34, 9, 1
2020/9/3, 32, 12, 27, 5, 1
2020/9/4, 29, 8, 20, 3, 1
2020/9/5, 18, 10, 24, 2, 
2020/9/6, 22, 11, 27, 3, 1
2020/9/7, 27, 12, 29, 6, 1
2020/9/8, 29, 10, 18, 3, 
2020/9/9, 22, 13, 20, 3, 
2020/9/10, 28, 13, 31, 4, 1
2020/9/11, 31, 19, 32, 11, 1
2020/9/12, 42, 17, 29, 5, 1
2020/9/13, 42, 11, 28, 4, 1
2020/9/14, 28, 14, 47, 8, 1
2020/9/15, 35, 19, 52, 7, 1
2020/9/16, 38, 35, 48, 11, 1
2020/9/17, 73, 18, 27, 2, 
2020/9/18, 28, 16, 39, 6, 
2020/9/19, 26, 19, 46, 6, 
2020/9/20, 42, 22, 41, 8, 2
2020/9/21, 53, 34, 38, 16, 2
2020/9/22, 67, 40, 56, 14, 1
2020/9/23, 92, 22, 31, 3, 1
2020/9/24, 48, 8, 25, 1, 1
2020/9/25, 15, 6, 24, 1, 
2020/9/26, 11, 7, 24, 3, 
2020/9/27, 16, 10, 21, 2, 
2020/9/28, 29, 13, 15, 5, 1
2020/9/29, 34, 15, 15, 6, 
2020/9/30, 41, 10, 21, 3, 1
2020/10/1, 22, 9, 19, 3, 1
2020/4/2, 48, 12, 30, 5, 1
2020/4/3, 40, 12, 33, 3, 
2020/4/4, 29, 10, 36, 1, 1
2020/4/5, 29, 14, 42, , 1
2020/4/6, 40, 15, 39, 1, 1
2020/4/7, 36, 16, 39, 4, 
2020/4/8, 48, 21, 49, 3, 1
2020/4/9, 51, 30, 45, 7, 1
2020/4/10, 71, 21, 42, 3, 
2020/4/11, 48, 14, 41, 2, 1
2020/4/12, 35, 19, 47, 5, 1
2020/4/13, 52, 17, 32, 3, 1
2020/4/14, 35, 10, 34, , 
2020/4/15, 19, 17, 37, 3, 1
2020/4/16, 45, 18, 38, 3, 1
2020/4/17, 40, 31, 40, 5, 2
2020/4/18, 66, 22, 24, 4, 1
2020/4/19, 55, 34, 34, 4, 1
2020/4/20, 85, 18, 39, 1, 1
2020/4/21, 30, 21, 42, 1, 
2020/4/22, 33, 22, 44, 2, 2
2020/4/23, 44, 17, 55, 3, 1
2020/4/24, 39, 39, 46, 8, 1
2020/4/25, 94, 15, 37, 4, 1
2020/4/26, 40, 17, 44, 2, 1
2020/4/27, 45, 21, 44, 6, 1
2020/4/28, 51, 23, 28, 5, 1
2020/4/29, 59, 7, 31, 1, 1
2020/4/30, 21, 6, 31, , 1
2020/5/1, 9, 6, 33, , 
2020/5/2, 13, 9, 35, 1, 1
2020/5/3, 20, 10, 36, 3, 
2020/5/4, 38, 13, 35, 2, 1
2020/5/5, 43, 10, 36, 2, 1
2020/5/6, 24, 11, 42, 4, 1
2020/5/7, 31, 15, 49, 5, 1
2020/5/8, 40, 29, 63, 11, 1
2020/5/9, 75, 23, 67, 5, 1
2020/5/10, 64, 12, 37, 2, 1
2020/5/11, 41, 16, 31, , 1
2020/5/12, 16, 9, 33, 3, 1
2020/5/13, 19, 10, 31, 7, 
2020/5/14, 25, 9, 32, 2, 1
2020/5/15, 17, 9, 37, 3, 
2020/5/16, 18, 11, 38, 6, 
2020/5/17, 30, 10, 41, 3, 
2020/5/18, 32, 12, 39, 4, 
2020/5/19, 29, 13, 35, 5, 1
2020/5/20, 28, 11, 43, 5, 
2020/5/21, 29, 14, 43, 3, 
2020/5/22, 38, 11, 33, 2, 
2020/5/23, 22, , , , 
2020/5/26, 32, 14, 48, 7, 1
2020/5/27, 32, 16, 36, 8, 1
2020/5/28, 36, 11, 40, 5, 1
2020/5/29, 34, 14, 47, 2, 
2020/5/30, 30, 14, 47, 3, 1
2020/5/31, 34, 10, 41, 1, 
2020/6/1, 22, 11, 48, 1, 1
2020/6/2, 25, 17, 58, 3, 1
2020/6/3, 35, 21, 47, 5, 1
2020/6/4, 50, 15, 29, 1, 
2020/6/5, 31, 6, 26, 1, 
2020/6/6, 12, 10, 30, , 
2020/6/7, 18, 8, 33, 1, 
2020/6/8, 20, 6, 23, 2, 
2020/6/9, 18, 12, 28, 4, 
2020/6/10, 27, 16, 30, 8, 1
2020/6/11, 36, 26, 34, 6, 1
2020/6/12, 74, 14, 28, 3, 1
2020/6/13, 40, 6, 32, , 1
2020/6/14, 13, 7, 34, 2, 1
2020/6/15, 17, 10, 34, 3, 1
2020/6/16, 22, 8, 32, 3, 1
2020/6/17, 18, 7, 26, 4, 1
2020/6/18, 16, 10, 31, 1, 1
2020/6/19, 30, 8, 32, 2, 
2020/6/20, 20, 7, 31, 1, 
2020/6/21, 16, 8, 26, 1, 1
2020/6/22, 18, 16, 35, 2, 
2020/6/23, 36, 15, 61, 3, 1
2020/6/24, 37, 18, 58, 4, 1
2020/6/25, 46, 12, 47, 3, 1
2020/6/26, 29, 13, 46, 2, 1
2020/6/27, 32, 10, 28, 1, 1
2020/6/28, 26, 8, 30, , 1
2020/6/29, 16, 12, 28, , 1
2020/6/30, 19, 8, 22, 1, 1
2020/7/1, 10, 6, 20, 1, 1
2020/1/2, 57, 18, 9, 5, 
2020/1/3, 65, 9, 22, 4, 
2020/1/4, 24, 11, 19, 7, 
2020/1/5, 31, 14, 17, 6, 
2020/1/6, 46, 9, 20, 6, 1
2020/1/7, 27, 15, 21, 4, 
2020/1/8, 39, 6, 17, 4, 
2020/1/9, 21, 5, 19, 2, 
2020/1/10, 15, 7, 22, 5, 
2020/1/11, 18, 10, 24, 4, 
2020/1/12, 32, 7, 24, 2, 
2020/1/13, 21, 10, 23, 3, 
2020/1/14, 24, 4, 25, 1, 
2020/1/15, 13, 6, 26, 3, 
2020/1/16, 19, 8, 27, 5, 
2020/1/17, 24, 9, 24, 3, 
2020/1/18, 23, 9, 25, 7, 
2020/1/19, 23, 17, 23, 12, 
2020/1/20, 44, 15, 11, 18, 
2020/1/21, 41, 22, 6, 20, 
2020/1/22, 63, 17, 6, 25, 1
2020/1/23, 60, 18, , , 
2020/1/24, 63, 18, , , 
2020/1/25, 61, 24, , , 
2020/1/26, 73, 20, , , 
2020/1/27, 61, 8, , , 
2020/1/28, 24, 6, , , 
2020/1/29, 13, 10, , , 
2020/1/30, 20, 8, , , 
2020/1/31, 17, 5, , , 
2020/2/1, 12, 11, , , 
2020/2/2, 18, 12, , , 
2020/2/3, 21, 11, , , 
2020/2/4, 22, 8, , , 
2020/2/5, 18, 13, , , 
2020/2/6, 34, 21, , , 
2020/2/7, 56, 20, , , 
2020/2/8, 59, 15, , , 
2020/2/9, 45, 10, , , 
2020/2/10, 30, 12, , , 
2020/2/11, 23, 11, , , 
2020/2/12, 18, 9, , , 
2020/2/13, 15, 8, , , 
2020/2/14, 17, 10, , , 
2020/2/15, 26, 12, , , 
2020/2/16, 24, 7, , , 
2020/2/17, 18, 8, , , 
2020/2/18, 15, 8, , , 
2020/2/19, 17, 8, , , 
2020/2/20, 17, 8, , , 
2020/2/21, 22, 10, , , 
2020/2/22, 19, 8, , , 
2020/2/23, 18, 8, , , 
2020/2/24, 17, 5, , , 
2020/2/25, 14, 5, , , 
2020/2/26, 10, 6, , , 
2020/2/27, 15, 7, , , 
2020/2/28, 20, 10, , , 
2020/2/29, 28, , , , 
2020/3/16, 25, 18, 14, 11, 
2020/3/17, 52, 15, , 7, 1
2020/3/18, 43, 17, , 5, 1
2020/3/19, 54, 26, 12, 13, 1
2020/3/20, 72, 17, 28, 4, 
2020/3/21, 51, 8, 24, 2, 
2020/3/22, 29, 7, 30, 1, 
2020/3/23, 21, 7, 32, 2, 1
2020/3/24, 22, 10, 33, 3, 
2020/3/25, 32, 16, 35, 5, 1
2020/3/26, 50, 21, 33, 6, 2
2020/3/27, 59, 32, 32, 9, 2
2020/3/28, 76, 34, 38, 6, 1
2020/3/29, 80, 10, 30, 2, 
2020/3/30, 17, , , , 
2019/10/2, 6, 4, 22, 6, 
2019/10/3, 9, 8, 16, 6, 
2019/10/4, 14, 9, 21, 2, 
2019/10/5, 17, 9, 16, 4, 
2019/10/6, 27, 5, 23, 2, 
2019/10/7, 15, 10, 15, 6, 
2019/10/8, 32, 7, 20, 3, 
2019/10/9, 9, 8, 22, 2, 
2019/10/10, 36, 5, 23, 3, 
2019/10/11, 7, 6, 21, 2, 
2019/10/12, 11, 7, 24, 2, 
2019/10/13, 13, 9, 27, 1, 
2019/10/14, 18, 9, 25, 4, 
2019/10/15, 21, 6, 28, 3, 
2019/10/16, 11, 5, 19, 2, 
2019/10/17, 8, 5, 22, 4, 
2019/10/18, 13, 4, 29, 1, 
2019/10/19, 7, 5, 24, 2, 
2019/10/20, 15, 8, 18, 5, 
2019/10/21, 19, 7, 17, 4, 
2019/10/22, 22, 7, 19, 6, 
2019/10/23, 14, 18, 8, 11, 
2019/10/24, 45, 16, 24, 5, 
2019/10/25, 38, 5, 20, 2, 
2019/10/26, 10, 2, 23, 1, 
2019/10/27, 6, 9, 23, 5, 
2019/10/28, 26, 11, 17, 11, 
2019/10/29, 28, 13, 20, 10, 
2019/10/30, 34, 17, 10, 11, 1
2019/10/31, 52, 16, 11, 12, 
2019/11/1, 46, 11, 15, 6, 
2019/11/2, 41, 4, 25, , 
2019/11/3, 9, 3, 19, 2, 
2019/11/4, 12, 5, 22, 3, 
2019/11/5, 11, 8, 20, 6, 
2019/11/6, 20, 16, 7, 13, 
2019/11/7, 46, 8, 21, 4, 
2019/11/8, 23, 12, 14, 9, 
2019/11/9, 29, 16, 16, 7, 
2019/11/10, 50, 13, 15, 6, 
2019/11/11, 43, 8, 19, 4, 
2019/11/12, 25, 4, 25, 3, 
2019/11/13, 13, 8, 17, 7, 
2019/11/14, 25, 6, 18, 5, 
2019/11/15, 16, 20, 9, 12, 
2019/11/16, 58, 9, 15, 8, 
2019/11/17, 29, 12, 14, 11, 
2019/11/18, 44, 17, 15, 14, 1
2019/11/19, 54, 12, 19, 12, 
2019/11/20, 27, 13, 14, 12, 
2019/11/21, 41, 17, 8, 10, 
2019/11/22, 58, 9, 19, 6, 
2019/11/23, 25, 13, 9, 10, 
2019/11/24, 46, 18, 8, 11, 
2019/11/25, 61, 9, 18, 6, 
2019/11/26, 26, 4, 21, 4, 
2019/11/27, 10, 5, 24, 2, 
2019/11/28, 13, 5, 23, 4, 
2019/11/29, 14, 13, 19, 15, 
2019/11/30, 24, 16, 17, 13, 
2019/12/1, 50, 15, 10, 13, 
2019/12/2, 51, 19, 5, 19, 1
2019/12/3, 60, 21, 6, 16, 1
2019/12/4, 67, 15, 10, 16, 
2019/12/5, 49, 29, 6, 14, 1
2019/12/6, 84, 10, 15, 8, 
2019/12/7, 42, 9, 20, 5, 
2019/12/8, 21, 8, 29, 3, 
2019/12/9, 16, 7, 23, 6, 
2019/12/10, 19, 10, 22, 6, 
2019/12/11, 21, 7, 22, 8, 
2019/12/12, 18, 6, 24, 5, 
2019/12/13, 17, 7, 24, 5, 
2019/12/14, 18, 8, 27, 3, 
2019/12/15, 17, 10, 31, 3, 
2019/12/16, 19, 8, 16, 12, 
2019/12/17, 24, 9, 22, 5, 
2019/12/18, 21, 9, 21, 6, 
2019/12/19, 28, 12, 21, 5, 
2019/12/20, 25, 4, 26, 3, 
2019/12/21, 10, 7, 23, 2, 
2019/12/22, 15, 5, 24, 3, 
2019/12/23, 15, 9, 20, 5, 
2019/12/24, 19, 12, 26, 3, 
2019/12/25, 23, 13, 23, 6, 
2019/12/26, 34, 9, 14, 8, 
2019/12/27, 33, 11, 17, 7, 
2019/12/28, 37, 12, 12, 8, 
2019/12/29, 43, 17, 7, 12, 
2019/12/30, 60, , , , 
2019/7/2, 21, 11, 33, 6, 1
2019/7/3, 20, 8, 33, 4, 1
2019/7/4, 14, 11, 40, 5, 1
2019/7/5, 17, 16, 45, 8, 1
2019/7/6, 33, 13, 48, 7, 1
2019/7/7, 33, 6, 31, 3, 1
2019/7/8, 12, 7, 30, 5, 
2019/7/9, 12, 11, 33, 6, 1
2019/7/10, 19, 13, 38, 5, 1
2019/7/11, 24, 16, 42, 6, 1
2019/7/12, 35, 13, 27, 7, 1
2019/7/13, 33, 6, 28, 3, 1
2019/7/14, 17, 5, 24, 3, 
2019/7/15, 9, 8, 23, 7, 
2019/7/16, 18, 9, 26, 5, 
2019/7/17, 27, 13, 39, 8, 
2019/7/18, 40, 15, 30, 4, 1
2019/7/19, 37, 11, 30, 3, 1
2019/7/20, 22, 10, 25, 3, 1
2019/7/21, 20, 8, 31, 2, 
2019/7/22, 17, 8, 39, 5, 
2019/7/23, 21, 12, 53, 5, 
2019/7/24, 32, 22, 82, 5, 
2019/7/25, 49, 29, 65, 6, 1
2019/7/26, 62, 27, 87, 4, 
2019/7/27, 57, 13, 24, 6, 
2019/7/28, 40, 8, 23, 2, 
2019/7/29, 21, 9, 39, 4, 
2019/7/30, 17, 11, 32, 3, 
2019/7/31, 15, 8, 24, 3, 1
2019/8/1, 9, 8, 32, 4, 
2019/8/2, 14, 13, 31, 7, 
2019/8/3, 32, 11, 26, 5, 
2019/8/4, 25, 11, 40, 6, 1
2019/8/5, 36, 11, 30, 4, 1
2019/8/6, 22, 9, 28, 3, 1
2019/8/7, 18, 8, 27, 3, 1
2019/8/8, 15, 6, 28, 3, 1
2019/8/9, 10, 7, 23, 3, 
2019/8/10, 21, 10, 30, , 
2019/8/11, 16, 10, 24, 1, 
2019/8/12, 23, 8, 24, 3, 1
2019/8/13, 18, 6, 24, 3, 
2019/8/14, 15, 3, 24, 3, 
2019/8/15, 18, 5, 22, 1, 
2019/8/16, 11, 11, 23, 2, 
2019/8/17, 24, 4, 18, 1, 
2019/8/18, 7, 5, 26, 1, 
2019/8/19, 11, 10, 26, 2, 
2019/8/20, 16, 10, 34, 3, 
2019/8/21, 16, 10, 42, 6, 
2019/8/22, 21, 16, 45, 5, 1
2019/8/23, 34, 19, 61, 8, 1
2019/8/24, 46, 18, 53, 6, 1
2019/8/25, 51, 14, 64, 6, 1
2019/8/26, 45, 21, 68, 9, 1
2019/8/27, 57, 26, 56, 8, 1
2019/8/28, 66, 22, 45, 5, 1
2019/8/29, 52, 11, 29, 5, 1
2019/8/30, 33, 11, 32, 9, 
2019/8/31, 26, 12, 42, 5, 
2019/9/1, 23, 7, 29, 3, 
2019/9/2, 14, 9, 31, 7, 
2019/9/3, 14, 10, 22, 5, 
2019/9/4, 11, 8, 26, 3, 
2019/9/5, 11, 9, 26, 5, 
2019/9/6, 12, 9, 30, 7, 
2019/9/7, 13, 6, 19, 4, 
2019/9/8, 15, 6, 30, 5, 
2019/9/9, 11, 7, 29, 6, 
2019/9/10, 15, 9, 36, 6, 
2019/9/11, 16, 10, 18, 6, 
2019/9/12, 29, 5, 22, 4, 
2019/9/13, 12, 10, 21, 6, 
2019/9/14, 17, 10, 33, 8, 
2019/9/15, 24, 13, 43, 8, 
2019/9/16, 32, 17, 14, 11, 1
2019/9/17, 43, 13, 29, 6, 
2019/9/18, 26, 12, 25, 9, 
2019/9/19, 19, 7, 25, 8, 
2019/9/20, 18, 11, 28, 8, 
2019/9/21, 18, 10, 36, 6, 
2019/9/22, 18, 7, 32, 3, 
2019/9/23, 17, 7, 22, 5, 
2019/9/24, 10, 4, 18, 5, 
2019/9/25, 7, 8, 15, 2, 
2019/9/26, 18, 5, 25, 1, 
2019/9/27, 11, 5, 23, 1, 
2019/9/28, 6, 3, 19, 1, 
2019/9/29, 8, 4, 23, , 
2019/9/30, 7, 5, 21, 3, 
2019/10/1, 9, 3, 19, 1, 
2019/4/2, 40, 20, 34, 6, 1
2019/4/3, 57, 5, 30, 4, 
2019/4/4, 16, 7, 31, 7, 
2019/4/5, 21, 13, 34, 9, 
2019/4/6, 41, 22, 26, 9, 
2019/4/7, 70, 29, 22, 14, 1
2019/4/8, 82, 57, 20, 8, 1
2019/4/9, 148, 49, 8, 20, 
2019/4/10, 132, 21, 35, 7, 
2019/4/11, 58, 15, 31, 8, 
2019/4/12, 45, 14, 33, 7, 1
2019/4/13, 43, 11, 35, 6, 
2019/4/14, 39, 22, 29, 7, 
2019/4/15, 70, 19, 33, 7, 
2019/4/16, 61, 18, 35, 6, 
2019/4/17, 54, 30, 32, 8, 
2019/4/18, 84, 20, 46, 8, 1
2019/4/19, 55, 15, 48, 7, 
2019/4/20, 41, 18, 56, 10, 1
2019/4/21, 50, 25, 61, 6, 2
2019/4/22, 69, 16, 54, 4, 1
2019/4/23, 45, 15, 37, 6, 1
2019/4/24, 31, 15, 37, 2, 
2019/4/25, 31, 5, 31, 3, 
2019/4/26, 12, 6, 36, 3, 
2019/4/27, 13, 9, 32, 3, 
2019/4/28, 19, 7, 29, 4, 
2019/4/29, 18, 18, 30, 14, 1
2019/4/30, 57, 20, 36, 9, 
2019/5/1, 60, 32, 39, 9, 
2019/5/2, 89, 33, 24, 11, 
2019/5/3, 92, 14, 31, 10, 
2019/5/4, 40, 7, 31, 6, 1
2019/5/5, 17, 8, 36, 8, 
2019/5/6, 18, 13, 24, 12, 1
2019/5/7, 36, 13, 38, 9, 1
2019/5/8, 41, 7, 28, 6, 
2019/5/9, 24, 6, 30, 5, 
2019/5/10, 13, 11, 37, 7, 
2019/5/11, 32, 16, 39, 7, 1
2019/5/12, 50, 7, 34, 8, 1
2019/5/13, 20, 8, 34, 7, 
2019/5/14, 19, 9, 31, 6, 1
2019/5/15, 23, 12, 39, , 1
2019/5/16, 30, 13, 38, 6, 2
2019/5/17, 34, 17, 22, 9, 2
2019/5/18, 54, 19, 28, 11, 1
2019/5/19, 62, 40, 33, 11, 1
2019/5/20, 112, 17, 30, 8, 1
2019/5/21, 54, 19, 35, 6, 
2019/5/22, 54, 21, 29, 8, 
2019/5/23, 62, 11, 47, , 1
2019/5/24, 25, 13, 41, , 1
2019/5/25, 32, 17, 31, , 1
2019/5/26, 55, 11, 26, , 1
2019/5/27, 34, 8, 31, , 
2019/5/28, 20, 9, 26, 5, 
2019/5/29, 20, 9, 36, 5, 
2019/5/30, 27, 5, 24, 2, 1
2019/5/31, 12, 6, 28, 3, 1
2019/6/1, 14, 8, 38, 4, 1
2019/6/2, 26, 9, 38, 3, 1
2019/6/3, 24, 10, 26, 4, 
2019/6/4, 20, 12, 32, 5, 1
2019/6/5, 29, 11, 21, 5, 1
2019/6/6, 32, 7, 29, 3, 1
2019/6/7, 18, 5, 34, 4, 1
2019/6/8, 11, 7, 29, 2, 
2019/6/9, 14, 6, 29, 4, 
2019/6/10, 14, 11, 32, 5, 1
2019/6/11, 35, 7, 33, 4, 1
2019/6/12, 18, 6, 28, 8, 
2019/6/13, 24, 4, 30, 3, 
2019/6/14, 8, 5, 43, 5, 
2019/6/15, 13, 13, 33, 7, 
2019/6/16, 45, 5, 23, 3, 1
2019/6/17, 14, 5, 31, 4, 1
2019/6/18, 11, 15, 47, 12, 
2019/6/19, 43, 13, 36, 7, 1
2019/6/20, 38, 12, 31, 3, 1
2019/6/21, 29, 6, 32, 4, 
2019/6/22, 10, 14, 48, 6, 1
2019/6/23, 41, 14, 41, 5, 
2019/6/24, 40, 12, 46, 4, 1
2019/6/25, 36, 21, 44, 4, 1
2019/6/26, 51, 40, 60, 7, 1
2019/6/27, 96, 13, 45, 3, 
2019/6/28, 25, 14, 45, 4, 1
2019/6/29, 29, 13, 55, 5, 1
2019/6/30, 34, 19, 43, 3, 1
2019/7/1, 45, 11, 36, 3, 
2019/1/2, 35, 12, 27, 9, 
2019/1/3, 22, 9, 20, 15, 
2019/1/4, 22, 19, 17, 16, 
2019/1/5, 60, 12, 17, 8, 
2019/1/6, 42, 21, 18, 9, 
2019/1/7, 63, 26, 10, 12, 
2019/1/8, 72, 10, 26, 5, 
2019/1/9, 18, 9, 28, 10, 
2019/1/10, 17, 13, 19, 19, 
2019/1/11, 23, 12, 20, 13, 
2019/1/12, 40, 12, 18, 9, 
2019/1/13, 43, 6, 23, 6, 
2019/1/14, 22, 10, 23, 15, 
2019/1/15, 22, 14, 19, 11, 
2019/1/16, 39, 12, 24, 5, 
2019/1/17, 33, 7, 23, 6, 
2019/1/18, 25, 15, 19, 16, 
2019/1/19, 46, 15, 16, 12, 
2019/1/20, 52, 20, 10, 16, 1
2019/1/21, 66, 37, 3, 25, 2
2019/1/22, 101, 25, 15, 9, 2
2019/1/23, 79, 23, 17, 13, 
2019/1/24, 74, 31, 12, 18, 1
2019/1/25, 90, 26, 12, 14, 1
2019/1/26, 80, 9, 25, 8, 
2019/1/27, 37, 4, 28, 3, 
2019/1/28, 12, 5, 25, 7, 
2019/1/29, 11, 11, 21, 9, 
2019/1/30, 32, 13, 16, 15, 
2019/1/31, 46, 14, 17, 14, 
2019/2/1, 52, 13, 19, 16, 
2019/2/2, 41, 19, 5, 23, 
2019/2/3, 65, 14, 17, 14, 
2019/2/4, 46, 8, 23, 5, 
2019/2/5, 26, 11, 21, 8, 
2019/2/6, 41, 9, 21, 7, 
2019/2/7, 36, 8, 28, 4, 
2019/2/8, 17, 6, 28, 3, 
2019/2/9, 17, 8, 30, 2, 
2019/2/10, 19, 4, 30, 2, 
2019/2/11, 12, 10, 21, 8, 
2019/2/12, 23, 16, 15, 12, 
2019/2/13, 52, 15, 23, 11, 
2019/2/14, 48, 14, 18, 18, 
2019/2/15, 39, 14, 21, 17, 1
2019/2/16, 37, 22, 27, 14, 1
2019/2/17, 66, 19, 31, 7, 1
2019/2/18, 62, 16, 29, 9, 
2019/2/19, 49, 16, 28, 8, 
2019/2/20, 38, 19, 26, 10, 
2019/2/21, 53, 28, 26, 12, 
2019/2/22, 72, 30, 18, 16, 
2019/2/23, 83, 17, 18, 12, 
2019/2/24, 58, 12, 18, 16, 
2019/2/25, 39, 16, 25, 19, 1
2019/2/26, 42, 14, 25, 17, 1
2019/2/27, 34, 22, 27, 15, 1
2019/2/28, 53, 31, 24, 10, 1
2019/3/1, 75, 18, 23, 9, 
2019/3/2, 48, 18, 26, 5, 
2019/3/3, 50, 9, 28, 1, 
2019/3/4, 23, 6, 36, 2, 
2019/3/5, 15, 5, 32, 3, 
2019/3/6, 11, 7, 26, 3, 
2019/3/7, 20, 5, 32, 2, 
2019/3/8, 11, 7, 30, 5, 
2019/3/9, 16, 11, 34, 2, 
2019/3/10, 25, 8, 34, 2, 
2019/3/11, 17, 7, 31, 5, 
2019/3/12, 13, 9, 35, 3, 
2019/3/13, 19, 8, 33, 3, 
2019/3/14, 16, 7, 32, 5, 
2019/3/15, 16, 8, 28, 5, 
2019/3/16, 20, 5, 33, 2, 
2019/3/17, 12, 4, 36, 1, 
2019/3/18, 11, 7, 29, 11, 
2019/3/19, 18, 15, 30, 16, 1
2019/3/20, 39, 14, 20, 13, 
2019/3/21, 40, 22, 13, 15, 1
2019/3/22, 63, 26, 7, 13, 1
2019/3/23, 71, 39, , 10, 1
2019/3/24, 105, 11, , 7, 1
2019/3/25, 25, 13, , 12, 1
2019/3/26, 25, 15, , , 
2019/3/27, 29, 22, , , 1
2019/3/28, 57, 21, 18, , 1
2019/3/29, 56, 22, 29, 13, 1
2019/3/30, 62, 19, 31, 12, 1
2019/3/31, 56, 32, 32, 9, 
2019/4/1, 88, 16, 29, 8, 1
2018/10/2, 17, 8, 13, 7, 
2018/10/3, 19, 12, 20, 9, 
2018/10/4, 20, 10, 19, 11, 
2018/10/5, 18, 14, 24, 12, 
2018/10/6, 30, 15, 31, 8, 
2018/10/7, 32, 12, 23, 5, 
2018/10/8, 30, 13, 20, 16, 
2018/10/9, 32, 19, 19, 15, 
2018/10/10, 46, 22, 18, 13, 
2018/10/11, 60, 10, 25, 4, 
2018/10/12, 24, 8, 20, 3, 
2018/10/13, 17, 11, 22, 6, 
2018/10/14, 22, 10, 28, 2, 
2018/10/15, 22, 15, 28, 7, 
2018/10/16, 36, 21, 26, 14, 
2018/10/17, 45, 25, 16, 15, 
2018/10/18, 62, 14, 16, 11, 
2018/10/19, 34, 22, 10, 12, 
2018/10/20, 56, 20, 19, 15, 
2018/10/21, 53, 23, 12, 14, 1
2018/10/22, 64, 15, 18, 13, 1
2018/10/23, 34, 15, 13, 12, 
2018/10/24, 26, 14, 11, 9, 
2018/10/25, 30, 18, 16, 7, 
2018/10/26, 48, 12, 18, 6, 
2018/10/27, 33, 8, 16, 8, 
2018/10/28, 26, 10, 15, 6, 
2018/10/29, 34, 8, 9, 8, 
2018/10/30, 27, 3, 8, 7, 
2018/10/31, 11, 7, 12, 7, 
2018/11/1, 22, 6, 13, 6, 
2018/11/2, 19, 11, 18, 10, 
2018/11/3, 31, 14, 14, 13, 
2018/11/4, 45, 17, 9, 10, 
2018/11/5, 56, 21, 3, 10, 
2018/11/6, 63, 11, 14, 9, 
2018/11/7, 28, 5, 18, 3, 
2018/11/8, 8, 8, 18, 10, 
2018/11/9, 10, 12, 9, 12, 
2018/11/10, 33, 4, 18, 2, 
2018/11/11, 11, 4, 19, 2, 
2018/11/12, 9, 4, 14, 8, 
2018/11/13, 15, 10, 14, 5, 
2018/11/14, 24, 11, 17, 10, 
2018/11/15, 29, 12, 12, 13, 
2018/11/16, 32, 10, 4, 10, 
2018/11/17, 39, 17, 14, 12, 
2018/11/18, 56, 16, 14, 10, 1
2018/11/19, 56, 12, 15, 8, 1
2018/11/20, 39, 15, 16, 8, 
2018/11/21, 50, 24, 6, 16, 
2018/11/22, 71, 24, 3, 16, 1
2018/11/23, 71, 22, 6, 19, 
2018/11/24, 66, 23, 1, 20, 1
2018/11/25, 72, 19, 3, 14, 
2018/11/26, 65, 24, 1, 13, 
2018/11/27, 76, 23, 5, 16, 1
2018/11/28, 73, 7, 18, 4, 
2018/11/29, 27, 6, 21, 3, 
2018/11/30, 17, 10, 23, 6, 
2018/12/1, 19, 8, 22, 4, 
2018/12/2, 22, 3, 22, 2, 
2018/12/3, 13, 7, 24, 4, 
2018/12/4, 15, 11, 23, 15, 
2018/12/5, 25, 11, 13, 12, 
2018/12/6, 31, 9, 20, 6, 
2018/12/7, 26, 5, 25, 3, 
2018/12/8, 12, 8, 28, 2, 
2018/12/9, 20, 8, 31, 3, 
2018/12/10, 14, 9, 21, 12, 
2018/12/11, 19, 19, 13, 18, 
2018/12/12, 48, 26, 9, 21, 
2018/12/13, 70, 14, 8, 16, 
2018/12/14, 47, 21, 3, 17, 1
2018/12/15, 67, 19, 14, 8, 
2018/12/16, 65, 12, 16, 4, 
2018/12/17, 48, 9, 21, 7, 
2018/12/18, 26, 8, 23, 4, 
2018/12/19, 19, 6, 22, 5, 
2018/12/20, 16, 8, 24, 4, 
2018/12/21, 19, 11, 29, 3, 
2018/12/22, 23, 12, 29, 4, 
2018/12/23, 25, 9, 21, 4, 
2018/12/24, 22, 9, 20, 13, 
2018/12/25, 25, 19, 10, 14, 
2018/12/26, 65, 20, 8, 16, 
2018/12/27, 65, 20, 6, 22, 1
2018/12/28, 62, 26, 2, 13, 1
2018/12/29, 80, 22, 9, 12, 1
2018/12/30, 70, 14, 10, 10, 
2018/12/31, 46, , , , 
2018/7/2, 19, 13, 55, 5, 
2018/7/3, 23, 17, 60, 7, 1
2018/7/4, 32, 25, 62, 9, 
2018/7/5, 50, 19, 43, 7, 
2018/7/6, 46, 18, 55, 9, 1
2018/7/7, 42, 19, 48, 7, 1
2018/7/8, 47, 11, 39, 3, 1
2018/7/9, 23, 13, 30, 9, 1
2018/7/10, 31, 11, 19, 4, 1
2018/7/11, 17, 18, 31, 7, 
2018/7/12, 34, 20, 33, 7, 
2018/7/13, 46, 19, 34, 10, 
2018/7/14, 44, 14, 39, 7, 1
2018/7/15, 35, 10, 47, 5, 
2018/7/16, 23, 12, 51, 8, 
2018/7/17, 33, 13, 33, 5, 
2018/7/18, 31, 10, 34, 7, 
2018/7/19, 23, 16, 49, 11, 1
2018/7/20, 36, 14, 35, 11, 1
2018/7/21, 29, 17, 45, 8, 1
2018/7/22, 41, 11, 47, 5, 
2018/7/23, 28, 14, 44, 6, 
2018/7/24, 36, 21, 61, 10, 
2018/7/25, 51, 15, 71, 8, 1
2018/7/26, 37, 22, 72, 7, 
2018/7/27, 56, 16, 53, 7, 
2018/7/28, 39, 13, 34, 3, 
2018/7/29, 31, 11, 31, 3, 
2018/7/30, 20, 7, 22, 3, 
2018/7/31, 11, 9, 30, 4, 
2018/8/1, 13, 11, 47, 7, 
2018/8/2, 19, 18, 57, 11, 1
2018/8/3, 33, 23, 93, 9, 1
2018/8/4, 51, 18, 50, 9, 1
2018/8/5, 41, 9, 34, 2, 
2018/8/6, 20, 13, 55, 6, 
2018/8/7, 25, 19, 57, 8, 
2018/8/8, 39, 16, 31, 2, 
2018/8/9, 30, 11, 20, 7, 
2018/8/10, 29, 8, 27, 2, 
2018/8/11, 11, 6, 30, 3, 
2018/8/12, 11, 5, 33, 3, 
2018/8/13, 12, 6, 20, 4, 
2018/8/14, 18, 12, 22, 4, 
2018/8/15, 28, 8, 19, 2, 
2018/8/16, 17, 12, 32, 4, 
2018/8/17, 29, 9, 23, 5, 
2018/8/18, 22, 10, 22, 5, 
2018/8/19, 19, 11, 22, 2, 
2018/8/20, 27, 10, 12, 5, 
2018/8/21, 27, 12, 26, 7, 
2018/8/22, 33, 21, 22, 9, 
2018/8/23, 52, 10, 15, 5, 
2018/8/24, 25, 8, 21, 3, 
2018/8/25, 12, 5, 21, 2, 
2018/8/26, 7, 5, 24, 4, 
2018/8/27, 11, 8, 22, 3, 
2018/8/28, 15, 7, 19, 6, 
2018/8/29, 13, 19, 17, 14, 
2018/8/30, 48, 11, 25, 6, 
2018/8/31, 29, 8, 23, 8, 
2018/9/1, 15, 11, 31, 11, 
2018/9/2, 27, 12, 38, 7, 
2018/9/3, 31, 20, 23, 15, 
2018/9/4, 44, 37, 31, 10, 
2018/9/5, 93, 48, 25, 14, 
2018/9/6, 120, 25, 30, 9, 
2018/9/7, 61, 10, 24, 4, 
2018/9/8, 25, 7, 25, 4, 
2018/9/9, 12, 8, 32, 6, 
2018/9/10, 18, 10, 24, 6, 
2018/9/11, 19, 9, 26, 3, 
2018/9/12, 12, 11, 14, 8, 
2018/9/13, 27, 11, 20, 8, 
2018/9/14, 30, 13, 25, 10, 
2018/9/15, 29, 9, 23, 7, 
2018/9/16, 17, 7, 29, 8, 
2018/9/17, 17, 10, 36, 10, 
2018/9/18, 17, 17, 29, 5, 
2018/9/19, 25, 16, 25, 4, 
2018/9/20, 24, 13, 25, 3, 
2018/9/21, 19, 11, 24, 2, 
2018/9/22, 18, 7, 19, 4, 
2018/9/23, 14, 3, 16, 5, 
2018/9/24, 10, 7, 20, 8, 
2018/9/25, 11, 7, 21, 13, 
2018/9/26, 12, 13, 20, 14, 
2018/9/27, 26, 15, 30, 13, 
2018/9/28, 34, 15, 18, 10, 
2018/9/29, 31, 9, 19, 10, 
2018/9/30, 21, 16, 23, 14, 
2018/10/1, 43, 8, 21, 8, 
2018/4/2, 49, 11, 33, 5, 
2018/4/3, 37, 7, 30, 4, 
2018/4/4, 20, 5, 33, 5, 
2018/4/5, 13, 8, 32, 6, 
2018/4/6, 20, 10, 34, 6, 
2018/4/7, 25, 13, 37, 6, 1
2018/4/8, 33, 24, 39, 9, 
2018/4/9, 57, 46, 22, 22, 1
2018/4/10, 107, 16, 34, 5, 1
2018/4/11, 42, 11, 28, 11, 
2018/4/12, 28, 41, 13, 13, 
2018/4/13, 112, 18, 31, 10, 
2018/4/14, 57, 33, 30, 13, 1
2018/4/15, 89, 9, 35, 4, 
2018/4/16, 28, 11, 32, 6, 
2018/4/17, 24, 16, 40, 9, 
2018/4/18, 35, 16, 42, 9, 
2018/4/19, 32, 16, 50, 6, 1
2018/4/20, 37, 23, 49, 9, 
2018/4/21, 51, 53, 65, 10, 
2018/4/22, 128, 28, 45, 5, 
2018/4/23, 65, 16, 32, 4, 
2018/4/24, 33, 10, 29, 4, 
2018/4/25, 19, 9, 33, 3, 
2018/4/26, 12, 10, 33, 3, 
2018/4/27, 13, 10, 37, 6, 
2018/4/28, 15, 7, 30, 3, 
2018/4/29, 14, 21, 15, 13, 
2018/4/30, 66, 5, 25, 4, 
2018/5/1, 19, 11, 33, 2, 
2018/5/2, 32, 8, 37, 4, 
2018/5/3, 19, 11, 35, 9, 1
2018/5/4, 29, 16, 42, 13, 
2018/5/5, 44, 18, 49, 7, 1
2018/5/6, 47, 16, 47, 7, 1
2018/5/7, 43, 11, 49, 6, 1
2018/5/8, 27, 16, 56, 8, 
2018/5/9, 39, 40, 40, 10, 1
2018/5/10, 92, 14, 29, 3, 
2018/5/11, 35, 13, 34, 7, 
2018/5/12, 37, 10, 38, 7, 
2018/5/13, 25, 16, 23, 5, 
2018/5/14, 53, 37, 29, 9, 
2018/5/15, 99, 40, 52, 9, 
2018/5/16, 97, 36, 32, 10, 1
2018/5/17, 78, 22, 29, 6, 
2018/5/18, 38, 19, 28, 7, 
2018/5/19, 37, 18, 25, 8, 2
2018/5/20, 46, 25, 40, 7, 1
2018/5/21, 69, 11, 39, 5, 2
2018/5/22, 35, 18, 36, 12, 2
2018/5/23, 47, 24, 27, 12, 2
2018/5/24, 70, 18, 37, 9, 1
2018/5/25, 54, 20, 50, 8, 
2018/5/26, 55, 32, 49, 9, 
2018/5/27, 83, 13, 34, 4, 
2018/5/28, 39, 14, 52, 5, 
2018/5/29, 37, 23, 39, 7, 
2018/5/30, 60, 10, 32, 4, 
2018/5/31, 26, 11, 39, 9, 
2018/6/1, 28, 19, 21, 8, 
2018/6/2, 59, 9, 25, 3, 
2018/6/3, 29, 9, 37, 5, 
2018/6/4, 30, 29, 45, 7, 
2018/6/5, 79, 20, 28, 6, 
2018/6/6, 60, 25, 50, 7, 
2018/6/7, 61, 17, 41, 8, 
2018/6/8, 43, 46, 32, 14, 
2018/6/9, 116, 36, 42, 11, 1
2018/6/10, 89, 22, 48, 6, 
2018/6/11, 59, 13, 35, 5, 
2018/6/12, 35, 18, 24, 7, 
2018/6/13, 50, 12, 29, 8, 
2018/6/14, 22, 12, 27, , 
2018/6/15, 29, 17, 36, 5, 
2018/6/16, 33, 14, 31, 6, 
2018/6/17, 30, 8, 24, 2, 
2018/6/18, 11, 7, 24, 4, 
2018/6/19, 13, 7, 19, 4, 
2018/6/20, 11, 8, 23, 3, 
2018/6/21, 16, 11, 26, 4, 
2018/6/22, 15, 13, 27, 5, 
2018/6/23, 15, 14, 37, 6, 
2018/6/24, 22, 14, 33, 7, 1
2018/6/25, 35, 11, 27, 9, 1
2018/6/26, 23, 16, 41, 8, 
2018/6/27, 31, 22, 42, 7, 1
2018/6/28, 48, 16, 51, 7, 1
2018/6/29, 35, 14, 52, 6, 
2018/6/30, 27, 20, 58, 5, 1
2018/7/1, 47, 11, 44, 3, 1
2018/1/2, 15, 8, 24, 3, 
2018/1/3, 17, 12, 28, 2, 
2018/1/4, 29, 14, 27, 3, 
2018/1/5, 33, 11, 27, 4, 
2018/1/6, 24, 18, 18, 10, 
2018/1/7, 51, 13, 12, 3, 
2018/1/8, 49, 12, 8, 9, 
2018/1/9, 46, 21, 5, 12, 1
2018/1/10, 65, 9, 14, 6, 
2018/1/11, 32, 22, 6, 18, 1
2018/1/12, 64, 40, , 21, 
2018/1/13, 103, 23, 7, 11, 
2018/1/14, 72, 21, 9, 11, 
2018/1/15, 67, 11, 21, 7, 
2018/1/16, 41, 8, 27, 5, 
2018/1/17, 16, 11, 27, 6, 
2018/1/18, 24, 9, 25, 6, 
2018/1/19, 25, 9, 22, 9, 
2018/1/20, 25, 8, 22, 11, 
2018/1/21, 31, 16, 17, 10, 
2018/1/22, 56, 12, 17, 10, 
2018/1/23, 31, 14, 22, 6, 
2018/1/24, 35, 4, 21, 2, 
2018/1/25, 11, 8, 26, 7, 
2018/1/26, 20, 17, 16, 11, 
2018/1/27, 47, 20, 18, 10, 
2018/1/28, 63, 9, 19, 4, 
2018/1/29, 35, 7, 23, 5, 
2018/1/30, 17, 15, 7, 15, 1
2018/1/31, 47, 4, 21, 4, 
2018/2/1, 15, 7, 19, 8, 
2018/2/2, 15, 8, 15, 11, 
2018/2/3, 27, 16, 8, 14, 
2018/2/4, 55, 10, 14, 8, 
2018/2/5, 35, 15, 9, 12, 1
2018/2/6, 55, 21, 7, 15, 
2018/2/7, 68, 26, 10, 18, 
2018/2/8, 76, 32, 7, 24, 
2018/2/9, 87, 23, 15, 8, 
2018/2/10, 75, 12, 18, 6, 
2018/2/11, 39, 4, 22, 3, 
2018/2/12, 11, 9, 17, 7, 
2018/2/13, 23, 9, 22, 7, 
2018/2/14, 23, 11, 17, 8, 
2018/2/15, 36, 9, 18, 9, 
2018/2/16, 26, 16, 18, 14, 1
2018/2/17, 35, 19, 12, 16, 
2018/2/18, 55, 27, 18, 13, 
2018/2/19, 79, 25, 13, 9, 
2018/2/20, 73, 32, 8, 18, 1
2018/2/21, 90, 43, 16, 17, 1
2018/2/22, 117, 26, 17, 10, 
2018/2/23, 77, 20, 16, 10, 
2018/2/24, 62, 15, 18, 6, 
2018/2/25, 47, 10, 20, 3, 1
2018/2/26, 33, 12, 17, 7, 1
2018/2/27, 39, 11, 23, 8, 
2018/2/28, 39, 20, 18, 9, 1
2018/3/1, 58, 29, 17, 6, 
2018/3/2, 71, 36, 14, 12, 2
2018/3/3, 96, 47, , 14, 1
2018/3/4, 133, 14, 21, 4, 
2018/3/5, 48, 8, 19, 5, 
2018/3/6, 31, 15, 17, 15, 
2018/3/7, 38, 12, , 9, 
2018/3/8, 43, 9, 21, 5, 
2018/3/9, 25, 12, 18, 9, 
2018/3/10, 35, 7, 17, 3, 
2018/3/11, 26, 7, , 2, 
2018/3/12, 27, 4, , 3, 
2018/3/13, 13, 6, , 9, 
2018/3/14, 19, 12, , 7, 
2018/3/15, 37, 9, , 8, 
2018/3/16, 33, 14, , 8, 
2018/3/17, 42, 17, , 5, 
2018/3/18, 62, 17, , 3, 1
2018/3/19, 55, 17, , 8, 1
2018/3/20, 46, 15, , 14, 1
2018/3/21, 39, 19, , 15, 1
2018/3/22, 48, 14, 11, 11, 
2018/3/23, 44, 16, 29, 4, 
2018/3/24, 48, 15, 32, 8, 
2018/3/25, 48, 34, 25, 19, 1
2018/3/26, 94, 32, 29, 17, 1
2018/3/27, 84, 18, 24, 10, 1
2018/3/28, 53, 11, 25, 16, 
2018/3/29, 33, 11, 34, 22, 
2018/3/30, 34, 6, 33, 19, 
2018/3/31, 17, 7, 33, 5, 
2018/4/1, 23, 15, 29, 6, 
2017/10/2, 24, 14, 24, 3, 
2017/10/3, 29, 11, 20, 7, 
2017/10/4, 25, 12, 26, 6, 
2017/10/5, 26, 11, 24, 6, 
2017/10/6, 24, 10, 18, 9, 
2017/10/7, 26, 11, 18, 5, 
2017/10/8, 30, 9, 14, 6, 
2017/10/9, 31, 16, 15, 8, 
2017/10/10, 49, 10, 17, 5, 
2017/10/11, 29, 7, 19, 3, 
2017/10/12, 19, 13, 17, 6, 
2017/10/13, 26, 13, 15, 8, 
2017/10/14, 35, 15, 20, 10, 
2017/10/15, 43, 17, 27, 5, 
2017/10/16, 50, 21, 23, 5, 
2017/10/17, 51, 25, 12, 13, 
2017/10/18, 54, 25, 18, 15, 
2017/10/19, 61, 19, 22, 8, 
2017/10/20, 51, 11, 22, 3, 
2017/10/21, 26, 10, 23, 2, 
2017/10/22, 24, 8, 21, 3, 
2017/10/23, 23, 10, 14, 6, 
2017/10/24, 30, 7, 11, 5, 
2017/10/25, 23, 13, 15, 6, 
2017/10/26, 39, 15, 12, 8, 
2017/10/27, 43, 13, 21, 11, 
2017/10/28, 35, 12, 16, 8, 
2017/10/29, 37, 13, 22, 5, 
2017/10/30, 32, 14, 14, 16, 
2017/10/31, 38, 17, 15, 12, 
2017/11/1, 50, 18, 19, 8, 
2017/11/2, 52, 26, 13, 12, 1
2017/11/3, 67, 28, 15, 14, 
2017/11/4, 78, 17, 16, 6, 
2017/11/5, 55, 11, 18, 6, 
2017/11/6, 37, 14, 10, 17, 1
2017/11/7, 39, 17, 13, 17, 
2017/11/8, 47, 35, , 21, 
2017/11/9, 93, 32, 9, 13, 1
2017/11/10, 89, 13, 15, 10, 
2017/11/11, 42, 14, 14, 11, 1
2017/11/12, 45, 12, 20, 8, 
2017/11/13, 38, 10, 14, 18, 1
2017/11/14, 25, 15, 9, 12, 1
2017/11/15, 44, 18, 5, 11, 
2017/11/16, 60, 17, 10, 11, 
2017/11/17, 55, 19, 17, 20, 
2017/11/18, 45, 18, 16, 15, 
2017/11/19, 55, 10, 16, 8, 
2017/11/20, 26, 17, 15, 10, 1
2017/11/21, 59, 19, 14, 6, 
2017/11/22, 66, 14, , , 
2017/11/23, 46, 12, 19, 6, 
2017/11/24, 27, 11, 16, 13, 
2017/11/25, 29, 8, 13, 11, 
2017/11/26, 29, 10, 15, 8, 
2017/11/27, 32, 7, 22, 5, 
2017/11/28, 26, 7, 17, 18, 
2017/11/29, 22, 13, 8, 17, 
2017/11/30, 45, 9, 16, 13, 
2017/12/1, 33, 21, 14, 16, 
2017/12/2, 69, 26, 3, 12, 1
2017/12/3, 83, 19, 4, 12, 
2017/12/4, 68, 22, 6, 16, 
2017/12/5, 67, 23, 5, 16, 
2017/12/6, 64, 19, 15, 13, 
2017/12/7, 61, 10, 18, 3, 
2017/12/8, 38, 9, 15, 8, 
2017/12/9, 21, 10, 17, 8, 
2017/12/10, 32, 8, 21, 2, 
2017/12/11, 27, 7, 10, 12, 
2017/12/12, 27, 11, 15, 12, 
2017/12/13, 37, 7, 21, 4, 
2017/12/14, 26, 4, 23, 4, 
2017/12/15, 10, 9, 20, 9, 
2017/12/16, 29, 12, 10, 17, 1
2017/12/17, 39, 16, 14, 12, 
2017/12/18, 56, 16, 14, 11, 
2017/12/19, 31, 18, 4, 18, 1
2017/12/20, 55, 18, 2, 16, 
2017/12/21, 55, 11, 1, 14, 
2017/12/22, 45, 20, 8, 12, 
2017/12/23, 62, 11, 19, 7, 
2017/12/24, 36, 3, 21, 2, 
2017/12/25, 12, 4, 21, 1, 
2017/12/26, 14, 6, 22, 2, 
2017/12/27, 18, 4, 25, 3, 
2017/12/28, 10, 9, 19, 7, 
2017/12/29, 21, 8, 24, 4, 
2017/12/30, 30, 13, 25, 1, 
2017/12/31, 31, , , , 
2017/7/2, 47, 13, , , 
2017/7/3, 37, 13, 31, 2, 
2017/7/4, 31, 12, 33, 4, 
2017/7/5, 32, 21, 31, 10, 
2017/7/6, 53, 17, 33, 7, 
2017/7/7, 46, 19, 49, 5, 
2017/7/8, 49, 15, 34, 6, 
2017/7/9, 42, 11, 42, 4, 
2017/7/10, 33, 12, 30, 6, 
2017/7/11, 33, 10, 25, 3, 
2017/7/12, 29, 9, 25, 3, 
2017/7/13, 26, 11, 32, 7, 
2017/7/14, 27, 14, 24, 8, 
2017/7/15, 38, 11, 28, 5, 
2017/7/16, 31, 13, 17, 3, 
2017/7/17, 36, 10, 33, 7, 
2017/7/18, 35, 14, 49, 6, 
2017/7/19, 39, 22, 41, 5, 
2017/7/20, 53, 15, 22, 4, 
2017/7/21, 35, 11, 31, 3, 
2017/7/22, 23, 11, 22, 3, 
2017/7/23, 27, 8, 21, 2, 
2017/7/24, 22, 8, 26, 4, 
2017/7/25, 26, 10, 28, 4, 
2017/7/26, 27, 13, 33, 3, 
2017/7/27, 35, 13, 25, 2, 
2017/7/28, 27, 12, 21, 2, 
2017/7/29, 25, 10, 23, 2, 
2017/7/30, 23, 7, 27, 3, 
2017/7/31, 16, 11, 25, 6, 
2017/8/1, 27, 18, 23, 12, 1
2017/8/2, 40, 13, 23, 10, 
2017/8/3, 35, 12, 29, 3, 
2017/8/4, 32, 10, 21, 2, 
2017/8/5, 24, 8, , , 
2017/8/6, 26, 10, , , 
2017/8/7, 30, 12, 37, 6, 
2017/8/8, 29, 22, 28, 11, 
2017/8/9, 63, 9, 27, 2, 
2017/8/10, 28, 13, 12, 11, 
2017/8/11, 40, 23, 30, 8, 
2017/8/12, 65, 8, 20, 2, 
2017/8/13, 25, 13, 27, 3, 
2017/8/14, 37, 10, 31, 6, 
2017/8/15, 29, 9, 26, 3, 
2017/8/16, 30, 11, 29, 4, 
2017/8/17, 33, 8, 19, 4, 
2017/8/18, 23, 7, 21, 3, 
2017/8/19, 17, 9, 24, 2, 
2017/8/20, 22, 9, 26, 2, 
2017/8/21, 21, 10, 25, 5, 
2017/8/22, 25, 11, 31, 5, 
2017/8/23, 29, 16, 36, 5, 
2017/8/24, 39, 14, 23, 4, 
2017/8/25, 30, 13, 23, 8, 
2017/8/26, 33, 26, 39, 10, 1
2017/8/27, 64, 30, 40, 7, 1
2017/8/28, 81, 27, 42, 15, 
2017/8/29, 67, 23, 43, 8, 
2017/8/30, 60, 22, 30, 8, 
2017/8/31, 61, 9, 27, 4, 
2017/9/1, 27, 10, 24, 8, 
2017/9/2, 30, 12, 30, 9, 
2017/9/3, 41, 13, 31, 9, 
2017/9/4, 45, 13, 23, 7, 
2017/9/5, 42, 13, 17, 6, 
2017/9/6, 40, 7, 13, 2, 
2017/9/7, 15, , , , 
2017/9/11, 30, 8, 21, 2, 
2017/9/12, 19, 8, 20, 4, 
2017/9/13, 19, 9, 24, 2, 
2017/9/14, 20, 7, 18, 4, 
2017/9/15, 21, 11, 17, 8, 
2017/9/16, 32, 12, 22, 9, 
2017/9/17, 40, 9, 27, 7, 
2017/9/18, 34, 9, 20, 7, 
2017/9/19, 32, 10, 26, 8, 
2017/9/20, 31, 14, 22, 7, 
2017/9/21, 41, 11, 26, 9, 
2017/9/22, 33, 17, 17, 13, 
2017/9/23, 48, 14, 25, 13, 
2017/9/24, 46, 21, 28, 8, 
2017/9/25, 66, 22, 25, 9, 
2017/9/26, 65, 25, 11, 18, 
2017/9/27, 71, 22, 20, 15, 
2017/9/28, 61, 13, 20, 7, 
2017/9/29, 40, 15, 24, 6, 
2017/9/30, 38, 12, 18, 7, 
2017/10/1, 32, 10, 22, 3, 
2017/4/2, 50, 14, 30, 8, 
2017/4/3, 47, 23, 20, 19, 
2017/4/4, 68, 21, 28, 14, 
2017/4/5, 61, 27, 28, 13, 
2017/4/6, 69, 20, 21, 14, 
2017/4/7, 46, 28, 21, 16, 
2017/4/8, 68, 30, 25, 17, 
2017/4/9, 84, 40, 42, 14, 1
2017/4/10, 107, 19, 25, 10, 
2017/4/11, 49, 18, , 10, 
2017/4/12, 49, 20, , 8, 
2017/4/13, 49, 14, , 7, 
2017/4/14, 37, 20, 28, 13, 
2017/4/15, 53, 12, 35, 8, 
2017/4/16, 40, 12, 36, 7, 
2017/4/17, 36, 10, 37, 5, 
2017/4/18, 30, 9, 30, 11, 
2017/4/19, 29, 10, 36, 9, 
2017/4/20, 35, 19, 28, 17, 
2017/4/21, 61, 30, 22, 19, 1
2017/4/22, 78, 14, 34, 8, 
2017/4/23, 40, 10, 35, 8, 1
2017/4/24, 27, 14, 33, 9, 
2017/4/25, 42, 9, 26, 7, 
2017/4/26, 24, 10, 25, 13, 
2017/4/27, 33, 11, 31, 12, 
2017/4/28, 31, 13, 32, 12, 
2017/4/29, 41, 14, 35, 11, 
2017/4/30, 47, 14, 48, 6, 
2017/5/1, 41, 6, 37, 3, 
2017/5/2, 18, 17, 23, 16, 
2017/5/3, 54, 15, 19, 10, 
2017/5/4, 54, 21, 25, 11, 
2017/5/5, 68, 15, 24, 9, 
2017/5/6, 54, 20, 38, 11, 
2017/5/7, 63, 25, 34, 9, 
2017/5/8, 75, 14, 31, 8, 
2017/5/9, 35, 16, 35, 9, 
2017/5/10, 37, 19, 21, 11, 
2017/5/11, 51, 22, 35, 12, 
2017/5/12, 56, 9, 27, 6, 
2017/5/13, 28, 9, 32, 4, 
2017/5/14, 27, 10, 33, 5, 
2017/5/15, 32, 9, 36, 6, 
2017/5/16, 21, 11, 37, 6, 
2017/5/17, 28, 15, 54, 10, 
2017/5/18, 40, 15, 31, 7, 
2017/5/19, 49, 12, 26, 6, 
2017/5/20, 41, 7, 31, 4, 
2017/5/21, 22, 8, 36, 5, 
2017/5/22, 29, 10, 44, 7, 
2017/5/23, 30, 17, 30, 8, 
2017/5/24, 44, 17, 30, 8, 
2017/5/25, 46, 12, 36, 6, 
2017/5/26, 38, 10, 40, 4, 
2017/5/27, 27, 14, 47, 3, 
2017/5/28, 38, 15, 45, 5, 
2017/5/29, 46, 26, 53, 8, 
2017/5/30, 65, 14, 28, 4, 
2017/5/31, 40, 13, 30, 4, 
2017/6/1, 34, 17, 50, 7, 1
2017/6/2, 45, 19, 52, 9, 
2017/6/3, 45, 17, 31, 4, 
2017/6/4, 54, 12, 33, 2, 
2017/6/5, 30, 8, 33, 2, 
2017/6/6, 21, 10, 27, 1, 
2017/6/7, 20, 16, 26, 2, 
2017/6/8, 31, 12, 29, 2, 
2017/6/9, 27, 8, 29, 3, 
2017/6/10, 21, 10, 37, 2, 
2017/6/11, 25, 11, 43, 2, 
2017/6/12, 33, 13, 26, 2, 
2017/6/13, 27, 17, 30, 5, 
2017/6/14, 38, 16, 43, 7, 1
2017/6/15, 42, 18, 45, 6, 
2017/6/16, 44, 15, 31, 3, 
2017/6/17, 30, 15, 32, 5, 
2017/6/18, 40, 16, 46, 5, 
2017/6/19, 49, 14, 58, 4, 
2017/6/20, 41, 25, 82, 7, 
2017/6/21, 65, 20, 70, 4, 
2017/6/22, 53, 29, 57, 4, 
2017/6/23, 60, 17, 28, 2, 
2017/6/24, 37, 9, 22, 1, 
2017/6/25, 24, 7, 23, 1, 
2017/6/26, 22, 15, 33, 5, 
2017/6/27, 37, 21, 23, 11, 
2017/6/28, 51, 16, 23, 4, 
2017/6/29, 48, 10, 27, 2, 
2017/6/30, 24, 8, 26, 3, 
2017/7/1, 17, 17, 21, 4, 
2017/1/3, 64, 18, 7, 16, 
2017/1/4, 59, 13, 17, 13, 
2017/1/5, 39, 12, 15, 19, 
2017/1/6, 30, 18, 9, 16, 
2017/1/7, 58, 17, 12, 10, 
2017/1/8, 60, 24, 1, 18, 
2017/1/9, 78, 14, 6, 14, 
2017/1/10, 56, 13, 12, 17, 
2017/1/11, 40, 13, 20, 11, 
2017/1/12, 38, 12, 21, 9, 
2017/1/13, 27, 6, 22, 10, 
2017/1/14, 17, 8, 24, 10, 
2017/1/15, 24, 13, 18, 13, 
2017/1/16, 44, 23, 11, 20, 
2017/1/17, 73, 28, 9, 18, 1
2017/1/18, 82, 32, 5, 23, 1
2017/1/19, 90, 29, 8, 25, 1
2017/1/20, 81, 25, 7, 29, 
2017/1/21, 63, 31, 10, 30, 2
2017/1/22, 81, 47, 6, 28, 1
2017/1/23, 127, 50, 6, 26, 2
2017/1/24, 135, 40, 3, 22, 1
2017/1/25, 113, 27, 9, 17, 
2017/1/26, 81, 25, 14, 13, 
2017/1/27, 76, 26, 17, 17, 1
2017/1/28, 76, 14, 20, 10, 1
2017/1/29, 49, 11, 21, 7, 
2017/1/30, 43, 7, 20, 11, 
2017/1/31, 28, 18, 15, 11, 
2017/2/1, 61, 14, 8, 12, 
2017/2/2, 51, 14, 17, 9, 
2017/2/3, 49, 9, 25, 7, 
2017/2/4, 24, 8, 22, 10, 
2017/2/5, 24, 12, 18, 11, 
2017/2/6, 43, 27, 12, 22, 
2017/2/7, 78, 21, 10, 15, 
2017/2/8, 67, 27, 3, 16, 
2017/2/9, 82, 45, 1, 17, 
2017/2/10, 125, 45, 2, 21, 1
2017/2/11, 123, 56, 1, 18, 1
2017/2/12, 151, 40, 6, 15, 
2017/2/13, 117, 26, 14, 12, 
2017/2/14, 80, 26, 16, 17, 1
2017/2/15, 72, 27, 16, 13, 
2017/2/16, 73, 21, 14, 14, 
2017/2/17, 62, 21, 11, 16, 
2017/2/18, 62, 25, 24, 17, 
2017/2/19, 75, 23, 15, 12, 
2017/2/20, 72, 12, 18, 8, 
2017/2/21, 47, 9, 14, 8, 
2017/2/22, 36, 6, 23, 5, 
2017/2/23, 18, 9, 27, 4, 
2017/2/24, 21, 9, 24, 12, 
2017/2/25, 25, 15, 25, 9, 
2017/2/26, 48, 13, 23, 6, 
2017/2/27, 44, 7, 28, 4, 
2017/2/28, 23, 6, 30, 5, 
2017/3/1, 15, 8, 26, 7, 
2017/3/2, 24, 16, 28, 6, 
2017/3/3, 30, 14, 23, 8, 
2017/3/4, 34, 8, 25, 7, 
2017/3/5, 30, 9, 27, 4, 
2017/3/6, 26, 8, 24, 9, 
2017/3/7, 28, 18, 21, 15, 
2017/3/8, 50, 9, 20, 9, 
2017/3/9, 30, 8, 21, 10, 
2017/3/10, 29, 13, 24, 13, 
2017/3/11, 30, 13, 23, 14, 
2017/3/12, 41, 18, 21, 17, 
2017/3/13, 55, 27, 18, 21, 1
2017/3/14, 71, 21, 19, 12, 
2017/3/15, 58, 26, 18, 15, 
2017/3/16, 64, 32, 26, 14, 
2017/3/17, 77, 26, 26, 9, 
2017/3/18, 62, 7, 25, 5, 
2017/3/19, 23, 9, 26, 3, 
2017/3/20, 29, 10, 25, 5, 
2017/3/21, 26, 9, 26, 7, 
2017/3/22, 22, 12, 27, 9, 
2017/3/23, 35, 18, 21, 10, 
2017/3/24, 57, 27, 17, 11, 1
2017/3/25, 78, 22, 29, 8, 1
2017/3/26, 62, 18, 19, 7, 1
2017/3/27, 57, 18, 31, 9, 
2017/3/28, 52, 20, 33, 14, 
2017/3/29, 54, 16, 25, 8, 
2017/3/30, 44, 14, 31, 9, 
2017/3/31, 36, 15, 27, 8, 
2017/4/1, 37, 15, 22, 9, 
2016/10/2, 24, 8, 19, 4, 
2016/10/3, 21, 10, 11, 14, 
2016/10/4, 19, 18, 3, 11, 
2016/10/5, 59, 10, 10, 12, 
2016/10/6, 22, 10, 11, 13, 
2016/10/7, 30, 15, 7, 12, 
2016/10/8, 51, 13, 8, 16, 
2016/10/9, 44, 15, 10, 16, 
2016/10/10, 51, 19, 4, 17, 
2016/10/11, 58, 22, 6, 17, 
2016/10/12, 64, 14, 1, 12, 
2016/10/13, 51, 9, 9, 8, 
2016/10/14, 27, 13, 4, 13, 
2016/10/15, 45, 14, 21, 9, 
2016/10/16, 52, 10, 23, 4, 
2016/10/17, 32, 11, 18, 11, 
2016/10/18, 34, 10, 15, 10, 
2016/10/19, 26, 8, 15, 11, 
2016/10/20, 23, 9, 16, 13, 
2016/10/21, 31, 21, 7, 18, 
2016/10/22, 62, 18, 7, 17, 
2016/10/23, 59, 20, 6, 12, 
2016/10/24, 67, 27, 1, 15, 
2016/10/25, 76, 35, 3, 19, 
2016/10/26, 92, 38, 5, 19, 1
2016/10/27, 98, 26, 8, 14, 
2016/10/28, 75, 18, 12, 13, 
2016/10/29, 55, 24, 10, 15, 
2016/10/30, 67, 23, 11, 15, 1
2016/10/31, 64, 18, 9, 19, 1
2016/11/1, 50, 19, 12, 15, 
2016/11/2, 58, 10, 15, 11, 
2016/11/3, 28, 16, 9, 14, 
2016/11/4, 47, 15, 13, 9, 
2016/11/5, 49, 14, 17, 8, 
2016/11/6, 49, 14, 15, 7, 
2016/11/7, 42, 12, 9, 13, 
2016/11/8, 43, 16, 9, 16, 
2016/11/9, 56, 10, 10, 12, 
2016/11/10, 37, 11, 12, 12, 
2016/11/11, 36, 17, 14, 13, 
2016/11/12, 58, 24, 9, 11, 
2016/11/13, 77, 17, 8, 10, 
2016/11/14, 62, 21, 6, 11, 
2016/11/15, 71, 13, 5, 12, 
2016/11/16, 49, 5, 14, 8, 
2016/11/17, 19, 7, 19, 6, 
2016/11/18, 21, 5, 24, 7, 
2016/11/19, 15, 6, 19, 6, 
2016/11/20, 21, 7, 25, 4, 
2016/11/21, 19, 7, 20, 6, 
2016/11/22, 24, 7, 23, 6, 
2016/11/23, 19, 19, 9, 18, 
2016/11/24, 53, 20, 7, 17, 
2016/11/25, 61, 18, 6, 16, 1
2016/11/26, 57, 26, 1, 22, 1
2016/11/27, 74, 27, 12, 20, 1
2016/11/28, 74, 18, 11, 15, 
2016/11/29, 51, 18, 5, 25, 
2016/11/30, 56, 27, 4, 24, 1
2016/12/1, 71, 31, 2, 23, 1
2016/12/2, 83, 25, 6, 21, 
2016/12/3, 68, 19, 11, 19, 
2016/12/4, 57, 15, 8, 19, 
2016/12/5, 53, 27, 4, 23, 1
2016/12/6, 77, 33, 3, 27, 
2016/12/7, 90, 15, 14, 13, 
2016/12/8, 54, 18, 16, 12, 
2016/12/9, 59, 25, 9, 13, 
2016/12/10, 77, 28, 12, 9, 
2016/12/11, 79, 13, 17, 8, 
2016/12/12, 40, 17, 12, 11, 
2016/12/13, 56, 12, 14, 9, 
2016/12/14, 47, 19, 6, 18, 
2016/12/15, 58, 17, 7, 15, 
2016/12/16, 58, 21, 8, 15, 
2016/12/17, 65, 34, 1, 18, 
2016/12/18, 93, 44, 4, 13, 
2016/12/19, 115, 32, 9, 12, 
2016/12/20, 90, 25, 6, 17, 
2016/12/21, 71, 18, 13, 9, 
2016/12/22, 61, 9, 11, 11, 
2016/12/23, 35, 13, 19, 8, 
2016/12/24, 43, 14, 20, 6, 
2016/12/25, 34, 14, 21, 4, 
2016/12/26, 34, 8, 20, 7, 
2016/12/27, 23, 20, 11, 16, 
2016/12/28, 52, 17, 7, 15, 
2016/12/29, 61, 21, 5, 15, 
2016/12/30, 70, 29, 3, 19, 
2016/12/31, 88, 25, 5, 12, 
2017/1/1, 81, 19, 9, 7, 
2017/1/2, 68, 18, 4, 15, 
2016/7/2, 34, 11, 26, 2, 
2016/7/3, 26, 10, 21, 2, 
2016/7/4, 26, 9, 25, 5, 
2016/7/5, 29, 10, 24, 4, 
2016/7/6, 30, 14, 34, 6, 
2016/7/7, 38, 15, 41, 8, 
2016/7/8, 46, 22, 34, 8, 
2016/7/9, 54, 12, 29, 2, 
2016/7/10, 37, 15, 36, 5, 
2016/7/11, 46, 11, 25, 2, 
2016/7/12, 29, 10, 23, 3, 
2016/7/13, 26, 11, 19, 5, 
2016/7/14, 31, 10, 16, 6, 
2016/7/15, 34, 11, 34, 5, 
2016/7/16, 31, 13, 21, 3, 
2016/7/17, 35, 10, 19, 3, 
2016/7/18, 32, 11, 37, 6, 
2016/7/19, 37, 17, 46, 5, 
2016/7/20, 51, 20, 52, 4, 
2016/7/21, 53, 22, 38, 3, 
2016/7/22, 62, 26, 29, 7, 
2016/7/23, 72, 39, 29, 5, 
2016/7/24, 98, 21, 34, 3, 
2016/7/25, 57, 12, 23, 4, 
2016/7/26, 39, 16, 33, 5, 
2016/7/27, 43, 13, 23, 3, 
2016/7/28, 36, 12, 23, 3, 
2016/7/29, 34, 9, 24, 2, 
2016/7/30, 22, 8, 23, 3, 
2016/7/31, 24, 13, 28, 4, 
2016/8/1, 39, 11, 29, 6, 
2016/8/2, 29, 8, 16, 4, 
2016/8/3, 26, 9, 10, 3, 
2016/8/4, 22, 14, 19, 3, 
2016/8/5, 23, 12, 20, 4, 
2016/8/6, 27, 14, 23, 4, 
2016/8/7, 37, 14, 15, 7, 
2016/8/8, 42, 12, 26, 3, 
2016/8/9, 30, 15, 11, 10, 
2016/8/10, 37, 7, 20, , 
2016/8/11, 13, 10, 16, , 
2016/8/12, 27, 20, 7, , 
2016/8/13, 45, 15, 18, 1, 
2016/8/14, 40, 18, 16, 5, 
2016/8/15, 52, 10, 34, , 
2016/8/16, 31, 17, 36, 8, 1
2016/8/17, 46, 19, 46, 9, 
2016/8/18, 47, 24, 42, 12, 1
2016/8/19, 55, 12, 26, 11, 
2016/8/20, 50, 6, 30, 2, 
2016/8/21, 26, 5, 24, , 
2016/8/22, 22, 16, 28, 8, 
2016/8/23, 28, 34, 39, 9, 1
2016/8/24, 36, 49, 45, 10, 
2016/8/25, 42, 44, 52, 10, 
2016/8/26, 47, 41, 41, 18, 
2016/8/27, 96, 33, 43, 9, 
2016/8/28, 66, 26, 31, 6, 
2016/8/29, 47, 11, 32, 6, 
2016/8/30, 24, 11, 30, 10, 
2016/8/31, 30, 20, 42, 10, 
2016/9/1, 52, 22, 17, 11, 
2016/9/2, 57, 16, 29, 8, 
2016/9/3, 37, 10, 27, 6, 
2016/9/4, 28, 10, 24, 3, 
2016/9/5, 25, 15, 20, 6, 
2016/9/6, 35, 8, 15, 7, 
2016/9/7, 24, 10, 38, 10, 
2016/9/8, 32, 17, 29, 9, 
2016/9/9, 44, 14, 18, 6, 
2016/9/10, 25, , , , 
2016/9/13, 32, 20, 33, 10, 
2016/9/14, 53, 24, 44, 8, 
2016/9/15, 59, 37, 24, 14, 
2016/9/16, 85, 31, 16, 6, 
2016/9/17, 49, 7, 21, 5, 
2016/9/18, 23, 20, 27, 6, 
2016/9/19, 59, 13, 24, 11, 
2016/9/20, 41, 13, 17, 15, 
2016/9/21, 40, 24, 13, 15, 
2016/9/22, 63, 22, 22, 15, 
2016/9/23, 62, 18, 20, 15, 
2016/9/24, 51, , , , 
2016/9/27, 33, 12, 22, 10, 
2016/9/28, 28, 11, 22, 7, 
2016/9/29, 28, 11, 14, 6, 
2016/9/30, 28, 11, 17, 8, 
2016/10/1, 21, 9, 18, 6, 
2016/4/2, 50, 16, 19, 7, 
2016/4/3, 52, 15, 32, 3, 
2016/4/4, 47, 10, 33, 5, 
2016/4/5, 32, 11, 30, 12, 
2016/4/6, 34, 12, 32, 4, 
2016/4/7, 36, 10, 32, 4, 
2016/4/8, 21, 14, 25, 9, 
2016/4/9, 46, 15, 36, 8, 
2016/4/10, 50, 9, 33, 5, 
2016/4/11, 33, 16, 35, 5, 
2016/4/12, 47, 7, 33, 7, 
2016/4/13, 20, 9, 24, 15, 
2016/4/14, 30, 22, 27, 18, 
2016/4/15, 64, 8, 34, 5, 
2016/4/16, 24, 9, 32, 4, 
2016/4/17, 34, 6, 30, 6, 
2016/4/18, 19, 12, 32, 11, 
2016/4/19, 35, 19, 33, 9, 
2016/4/20, 39, 16, 29, 9, 1
2016/4/21, 34, 22, 29, 13, 1
2016/4/22, 52, 18, 27, 9, 
2016/4/23, 43, 9, 32, 5, 1
2016/4/24, 20, 6, 32, 5, 
2016/4/25, 15, 9, 23, 10, 
2016/4/26, 29, 6, 31, 7, 
2016/4/27, 17, 8, 31, 7, 
2016/4/28, 20, 14, 33, 11, 
2016/4/29, 45, 9, 26, 8, 
2016/4/30, 28, 8, 31, 8, 
2016/5/1, 25, 11, 32, 9, 1
2016/5/2, 25, 13, 12, 14, 1
2016/5/3, 37, 10, 29, 6, 1
2016/5/4, 25, 11, 36, 10, 
2016/5/5, 29, 10, 22, 5, 
2016/5/6, 28, 12, 44, 5, 
2016/5/7, 35, 11, 48, 6, 
2016/5/8, 34, 15, 48, 9, 
2016/5/9, 47, 14, 41, 8, 
2016/5/10, 40, 9, 30, 6, 
2016/5/11, 29, 7, 21, 4, 
2016/5/12, 22, 19, 40, 6, 
2016/5/13, 55, 25, 45, 10, 
2016/5/14, 59, 15, 37, 3, 1
2016/5/15, 29, 11, 36, 2, 
2016/5/16, 22, 9, 37, 3, 
2016/5/17, 19, 18, 36, 7, 
2016/5/18, 49, 16, 40, 5, 
2016/5/19, 45, 9, 35, 4, 
2016/5/20, 26, 10, 27, 5, 
2016/5/21, 32, 9, 29, 3, 
2016/5/22, 29, 8, 23, 3, 
2016/5/23, 27, 11, 28, 6, 
2016/5/24, 35, 16, 29, 5, 
2016/5/25, 38, 14, 19, 10, 
2016/5/26, 33, 18, 43, 5, 
2016/5/27, 47, 30, 37, 9, 
2016/5/28, 81, 31, 45, 7, 
2016/5/29, 87, 28, 33, 7, 
2016/5/30, 84, 17, 21, 8, 
2016/5/31, 54, 14, 19, 7, 
2016/6/1, 44, 31, 14, 15, 
2016/6/2, 81, 33, 22, 11, 
2016/6/3, 80, 24, 21, 12, 
2016/6/4, 69, 29, 27, 8, 
2016/6/5, 85, 37, 42, 7, 
2016/6/6, 101, 25, 44, 11, 
2016/6/7, 65, 23, 48, 11, 
2016/6/8, 64, 28, 36, 9, 
2016/6/9, 78, 22, 39, 8, 2
2016/6/10, 57, 18, 44, 11, 
2016/6/11, 43, 25, 43, 10, 
2016/6/12, 66, 23, 34, 4, 
2016/6/13, 70, 13, 23, 3, 
2016/6/14, 39, 10, 22, 3, 
2016/6/15, 28, 8, 20, 4, 
2016/6/16, 24, 8, 17, 8, 
2016/6/17, 28, 11, 31, 8, 
2016/6/18, 37, 18, 27, 4, 
2016/6/19, 56, 14, 34, 2, 
2016/6/20, 37, 11, 25, 4, 
2016/6/21, 36, 10, 13, 5, 
2016/6/22, 31, 10, 14, 6, 
2016/6/23, 32, 14, 30, 6, 
2016/6/24, 46, 15, 33, 4, 
2016/6/25, 49, 16, 22, 5, 
2016/6/26, 48, 10, 26, 3, 
2016/6/27, 34, 10, 18, 4, 
2016/6/28, 32, 14, 29, 6, 
2016/6/29, 42, 12, 26, 4, 
2016/6/30, 34, 11, 18, 4, 
2016/7/1, 36, 11, 16, 3, 
2016/1/5, 24, 10, 21, 6, 
2016/1/6, 24, 8, 16, 10, 
2016/1/7, 25, 7, 23, 5, 
2016/1/8, 22, 13, 22, 11, 
2016/1/9, 29, 9, 24, 5, 
2016/1/10, 28, 6, 29, 3, 
2016/1/11, 17, 5, 26, 6, 
2016/1/12, 17, 8, 22, 7, 
2016/1/13, 23, 11, 18, 9, 
2016/1/14, 32, 10, 24, 6, 
2016/1/15, 38, 9, 25, 12, 
2016/1/16, 33, 13, 20, 13, 
2016/1/17, 42, 13, 20, 13, 
2016/1/18, 43, 15, 13, 14, 1
2016/1/19, 56, 25, 9, 22, 2
2016/1/20, 77, 40, 3, 24, 2
2016/1/21, 112, 41, 7, 22, 2
2016/1/22, 120, 18, 13, 13, 1
2016/1/23, 64, , 20, 8, 1
2016/1/30, 17, 6, 26, 5, 
2016/1/31, 18, 8, 24, 4, 
2016/2/1, 24, 8, 28, 4, 
2016/2/2, 19, 5, 28, 6, 
2016/2/3, 13, 10, 24, 9, 
2016/2/4, 21, 9, 18, 11, 
2016/2/5, 24, 10, 23, 6, 
2016/2/6, 32, 8, 30, 1, 
2016/2/7, 26, 5, 29, 1, 
2016/2/8, 14, 9, 31, 2, 
2016/2/9, 19, 8, 30, 10, 
2016/2/10, 19, 6, 28, 8, 
2016/2/11, 20, 12, 18, 11, 
2016/2/12, 42, 10, 25, 8, 
2016/2/13, 35, 17, 8, 15, 
2016/2/14, 61, 16, 11, 13, 
2016/2/15, 62, 10, 21, 12, 
2016/2/16, 26, 17, 14, 23, 
2016/2/17, 48, 25, 11, 18, 
2016/2/18, 72, 21, 20, 9, 
2016/2/19, 67, 20, 22, 13, 
2016/2/20, 63, 7, 26, 4, 
2016/2/21, 25, 4, 28, 1, 
2016/2/22, 16, 6, 25, 4, 
2016/2/23, 19, 11, 21, 14, 
2016/2/24, 36, 17, 19, 18, 
2016/2/25, 49, 18, 18, 15, 
2016/2/26, 57, 26, 16, 17, 1
2016/2/27, 75, 22, 24, 12, 1
2016/2/28, 69, 19, 28, 7, 
2016/2/29, 65, 15, 25, 14, 1
2016/3/1, 51, 24, 18, 17, 
2016/3/2, 72, 8, 29, 4, 
2016/3/3, 22, 10, 23, 16, 
2016/3/4, 28, 10, 24, 13, 
2016/3/5, 34, 20, 16, 22, 
2016/3/6, 64, 5, 24, 6, 
2016/3/7, 20, 14, 16, 19, 
2016/3/8, 48, 19, 21, 15, 
2016/3/9, 59, 12, 30, 5, 
2016/3/10, 40, 29, 23, 19, 1
2016/3/11, 83, 41, 23, 18, 1
2016/3/12, 114, 42, 19, 16, 
2016/3/13, 118, 24, 27, 9, 
2016/3/14, 75, 24, 21, 13, 1
2016/3/15, 71, 29, 15, 16, 1
2016/3/16, 82, 25, 25, 10, 1
2016/3/17, 72, 30, 24, 17, 1
2016/3/18, 84, 31, 17, 17, 1
2016/3/19, 85, 14, 27, 7, 
2016/3/20, 42, 12, 30, 7, 
2016/3/21, 35, 16, 26, 13, 
2016/3/22, 46, 22, 27, 12, 
2016/3/23, 62, 17, 24, 13, 
2016/3/24, 52, 29, 8, 13, 
2016/3/25, 79, 19, 21, 11, 
2016/3/26, 56, 15, , 7, 
2016/3/27, 47, 6, , 1, 
2016/3/28, 19, 5, , 1, 
2016/3/29, 15, 8, 28, 4, 
2016/3/30, 20, 9, 28, 5, 
2016/3/31, 24, 11, 22, 12, 
2016/4/1, 36, 15, 27, 11, 
2015/10/2, 5, 22, 16, 22, 
2015/10/3, 7, 28, 24, 21, 
2015/10/4, 10, 34, 32, 17, 
2015/10/5, 17, 12, 17, 10, 
2015/10/6, 4, 10, 15, 9, 
2015/10/7, 3, 7, 20, 5, 
2015/10/8, 2, 11, 18, 9, 
2015/10/9, 3, 18, 15, 23, 
2015/10/10, 5, 28, 8, 15, 
2015/10/11, 75, 33, 15, 12, 
2015/10/12, 24, 31, 6, 21, 
2015/10/13, 15, 39, 8, 18, 1
2015/10/14, 46, 26, 7, 16, 1
2015/10/15, 74, 22, 4, 16, 
2015/10/16, 69, 19, 2, 15, 
2015/10/17, 64, 13, 2, 12, 
2015/10/18, 49, 20, 7, 12, 
2015/10/19, 64, 30, 2, 15, 
2015/10/20, 84, 18, 15, , 
2015/10/21, 56, 23, 14, , 
2015/10/22, 66, 11, 16, , 
2015/10/23, 34, 20, 11, 17, 
2015/10/24, 47, 16, 18, 10, 
2015/10/25, 43, 15, 17, 11, 
2015/10/26, 42, 15, 7, 13, 
2015/10/27, 49, 21, 8, 15, 
2015/10/28, 61, 14, 13, 12, 
2015/10/29, 46, 13, 19, 8, 
2015/10/30, 39, 13, 14, 12, 
2015/10/31, 39, 23, 9, 12, 
2015/11/1, 69, 20, 15, 16, 
2015/11/2, 62, 26, 7, 21, 
2015/11/3, 71, 14, 19, 17, 
2015/11/4, 43, 9, 20, 8, 
2015/11/5, 30, 13, 19, 7, 
2015/11/6, 41, 7, 17, 5, 
2015/11/7, 23, 7, 15, 3, 
2015/11/8, 22, 9, 17, 4, 
2015/11/9, 26, 12, 26, 5, 
2015/11/10, 30, 12, 22, 6, 
2015/11/11, 32, 14, 23, 5, 1
2015/11/12, 38, 13, 20, 9, 
2015/11/13, 41, 13, 24, 6, 1
2015/11/14, 35, 10, 23, 6, 1
2015/11/15, 25, 14, 26, 2, 
2015/11/16, 32, 9, 23, 6, 
2015/11/17, 26, 5, 23, 4, 
2015/11/18, 12, 18, 27, 5, 
2015/11/19, 40, 9, 25, 9, 
2015/11/20, 20, 9, 19, 11, 
2015/11/21, 25, 7, 20, 10, 
2015/11/22, 24, 6, 23, 8, 
2015/11/23, 26, 20, 8, 19, 1
2015/11/24, 66, 12, 18, 8, 1
2015/11/25, 48, 9, 16, 17, 1
2015/11/26, 30, 15, 10, 26, 2
2015/11/27, 46, 15, 13, 13, 2
2015/11/28, 50, 9, 25, 6, 1
2015/11/29, 24, 10, 29, 3, 
2015/11/30, 27, 6, 28, 6, 
2015/12/1, 16, 6, 26, 8, 
2015/12/2, 17, 12, 26, 8, 
2015/12/3, 31, 12, 24, 8, 
2015/12/4, 33, 13, 19, 10, 
2015/12/5, 36, 10, 22, 5, 
2015/12/6, 29, 12, 22, 3, 
2015/12/7, 45, 17, 15, 10, 
2015/12/8, 54, 15, 17, 8, 
2015/12/9, 52, 14, 20, 13, 
2015/12/10, 31, 11, 20, 7, 
2015/12/11, 35, 10, 18, 9, 
2015/12/12, 39, 9, 20, 9, 
2015/12/13, 28, 14, 24, 6, 
2015/12/14, 48, 16, 15, 13, 
2015/12/15, 51, 20, 14, 12, 
2015/12/16, 65, 13, 18, 7, 
2015/12/17, 38, 19, 18, 7, 
2015/12/18, 49, 18, 16, 10, 
2015/12/19, 49, 20, 17, 5, 
2015/12/20, 57, 18, 17, 4, 
2015/12/21, 53, 9, 27, 3, 
2015/12/22, 24, 6, 24, 4, 
2015/12/23, 21, 10, 24, 6, 
2015/12/24, 27, 11, 23, 4, 
2015/12/25, 37, 10, 26, 3, 
2015/12/26, 29, 10, 22, 3, 
2015/12/27, 38, 20, 20, 4, 
2015/12/28, 53, 11, 18, 6, 
2015/12/29, 38, 11, 18, 7, 
2015/12/30, 38, 8, 22, 4, 
2015/12/31, 22, , , , 
2016/1/2, 30, 9, , , 
2016/1/3, 30, 6, , , 
2016/1/4, 14, 9, 21, 6, 1
2015/7/2, 6, 32, 53, 11, 1
2015/7/3, 14, 21, 76, 10, 1
2015/7/4, 7, 26, 66, 5, 1
2015/7/5, 9, 13, 37, 6, 1
2015/7/6, 4, 10, 37, 4, 
2015/7/7, 3, 17, 32, 8, 
2015/7/8, 5, 10, 24, 3, 
2015/7/9, 3, 12, 30, 5, 
2015/7/10, 3, 10, 44, 8, 
2015/7/11, 3, 17, 63, 7, 
2015/7/12, 4, 11, 24, 4, 
2015/7/13, 2, 10, 20, 5, 
2015/7/14, 3, 8, 20, 4, 
2015/7/15, 3, 6, 15, 6, 
2015/7/16, 3, 18, 38, 7, 
2015/7/17, 7, 19, 34, 5, 
2015/7/18, 9, 11, 35, 3, 
2015/7/19, 3, 12, 31, 4, 
2015/7/20, 4, 8, 21, 5, 
2015/7/21, 3, 10, 20, 3, 
2015/7/22, 3, 9, 31, 4, 
2015/7/23, 11, 14, 36, 5, 
2015/7/24, 7, 16, 44, 10, 
2015/7/25, 5, 10, 29, 5, 
2015/7/26, 2, 10, 30, 5, 
2015/7/27, 3, 10, 27, 3, 
2015/7/28, 3, 13, 29, 4, 
2015/7/29, 3, 10, 30, 5, 
2015/7/30, 2, 9, 26, 8, 
2015/7/31, 2, 9, 36, 9, 
2015/8/1, 3, 16, 49, 9, 
2015/8/2, 5, 21, 61, 12, 
2015/8/3, 7, 17, 57, 8, 
2015/8/4, 5, 15, 31, 10, 
2015/8/5, 4, 12, 40, 7, 
2015/8/6, 3, 18, 43, 9, 
2015/8/7, 4, 22, 47, 13, 
2015/8/8, 5, 22, 42, 9, 
2015/8/9, 7, 18, 41, 10, 
2015/8/10, 6, 17, 31, 12, 
2015/8/11, 5, 21, 18, 13, 
2015/8/12, 6, 24, 44, 10, 
2015/8/13, 8, 36, 57, 7, 
2015/8/14, 13, 12, 31, 4, 
2015/8/15, 4, 9, 23, 6, 
2015/8/16, 3, 14, 30, 5, 
2015/8/17, 4, 11, 22, 10, 
2015/8/18, 2, 12, 24, 7, 
2015/8/19, 4, 16, 38, 7, 
2015/8/20, 5, 13, 34, 9, 
2015/8/21, 4, 14, 36, 9, 
2015/8/22, 5, 18, 59, 6, 
2015/8/23, 6, 18, 44, 6, 
2015/8/24, 6, 7, 25, 5, 
2015/8/25, 2, 6, 25, 3, 1
2015/8/26, 3, 9, 29, 3, 1
2015/8/27, 6, 6, 21, 5, 1
2015/8/28, 4, 8, 20, 6, 1
2015/8/29, 2, 9, 35, 8, 1
2015/8/30, 3, 22, 32, 9, 
2015/8/31, 8, 19, 34, 9, 
2015/9/1, 7, 9, 27, 8, 1
2015/9/2, 2, 11, 27, 11, 
2015/9/3, 3, 15, 20, 10, 
2015/9/4, 5, 11, 22, 9, 
2015/9/5, 3, 12, 20, 7, 
2015/9/6, 3, 10, 26, 5, 
2015/9/7, 2, 11, 20, 11, 
2015/9/8, 3, 9, 19, 13, 
2015/9/9, 2, 15, 27, 13, 
2015/9/10, 5, 12, 28, 11, 
2015/9/11, 4, 13, 32, 12, 
2015/9/12, 4, 13, 28, 9, 
2015/9/13, 4, 6, 21, 6, 
2015/9/14, 2, 7, 22, 6, 
2015/9/15, 3, 6, 27, 4, 
2015/9/16, 1, 5, 23, 5, 
2015/9/17, 3, 7, 27, 6, 
2015/9/18, 2, 11, 24, 6, 
2015/9/19, 3, 13, 24, 8, 
2015/9/20, 5, 10, 33, 10, 
2015/9/21, 3, 13, 31, 12, 
2015/9/22, 4, 8, 24, 7, 
2015/9/23, 3, 11, 11, 12, 
2015/9/24, 7, 6, 21, 6, 
2015/9/25, 1, 12, 20, 10, 
2015/9/26, 3, 12, 17, 17, 
2015/9/27, 4, 14, 18, 10, 
2015/9/28, 5, 15, 19, 13, 
2015/9/29, 5, 14, 22, 14, 
2015/9/30, 4, 13, 22, 12, 
2015/10/1, 3, 18, 20, 15, 
2015/4/2, 29, 10, 29, 7, 
2015/4/3, 21, 17, 23, 16, 1
2015/4/4, 47, 14, 26, 11, 
2015/4/5, 47, 12, 35, 9, 1
2015/4/6, 38, 22, 21, 16, 1
2015/4/7, 61, 22, 32, 15, 
2015/4/8, 69, 27, 29, 18, 
2015/4/9, 80, 43, 37, 19, 
2015/4/10, 105, 44, 47, 18, 1
2015/4/11, 113, 13, 34, 7, 1
2015/4/12, 40, 13, 37, 9, 
2015/4/13, 37, 16, 30, 10, 
2015/4/14, 41, 24, 40, 12, 
2015/4/15, 59, 16, 40, 12, 
2015/4/16, 38, 25, 29, 12, 1
2015/4/17, 64, 13, 32, 6, 1
2015/4/18, 28, 13, 37, 6, 
2015/4/19, 34, 15, 36, 7, 
2015/4/20, 42, 26, 23, 13, 1
2015/4/21, 64, 25, , 17, 
2015/4/22, 56, 19, 30, 9, 1
2015/4/23, 51, 34, 32, 15, 
2015/4/24, 81, 42, 49, 17, 1
2015/4/25, 95, 18, 32, 6, 1
2015/4/26, 58, 12, 25, 7, 
2015/4/27, 44, 13, 25, 8, 
2015/4/28, 40, 14, 26, 9, 1
2015/4/29, 38, 11, 32, 7, 1
2015/4/30, 28, 9, 30, 7, 
2015/5/1, 25, 13, 34, 14, 
2015/5/2, 39, 14, 34, 7, 
2015/5/3, 40, 7, 18, 5, 
2015/5/4, 25, 9, 32, 5, 
2015/5/5, 26, 11, 36, 4, 
2015/5/6, 28, 10, 35, 4, 
2015/5/7, 22, 11, 33, 5, 
2015/5/8, 23, 13, 40, 11, 
2015/5/9, 36, 10, 36, 4, 
2015/5/10, 24, 17, 36, 4, 
2015/5/11, 45, 14, 38, 8, 
2015/5/12, 41, 17, 36, 15, 
2015/5/13, 42, 16, 37, 9, 
2015/5/14, 37, 14, 31, 7, 
2015/5/15, 43, 17, 36, 9, 
2015/5/16, 51, 15, 28, 8, 
2015/5/17, 48, 19, 41, 9, 
2015/5/18, 54, 13, 33, 10, 
2015/5/19, 29, 10, 31, 4, 
2015/5/20, 23, 9, 33, 7, 
2015/5/21, 22, 16, 36, 12, 
2015/5/22, 45, 19, 40, 13, 
2015/5/23, 47, 26, 24, 14, 
2015/5/24, 63, 18, 43, 8, 
2015/5/25, 46, 17, 33, 6, 
2015/5/26, 51, 13, 30, 8, 
2015/5/27, 32, 12, 40, 9, 
2015/5/28, 30, 14, 34, 7, 
2015/5/29, 36, 13, 33, 7, 
2015/5/30, 30, 8, 30, 6, 
2015/5/31, 21, 8, 26, 6, 
2015/6/1, 25, 12, 31, 7, 
2015/6/2, 29, 16, 30, 5, 
2015/6/3, 41, 13, 33, 5, 
2015/6/4, 28, 18, 49, 13, 
2015/6/5, 45, 21, 45, 10, 1
2015/6/6, 53, 15, 38, 5, 
2015/6/7, 38, 12, 39, 6, 1
2015/6/8, 31, 12, 34, 7, 
2015/6/9, 27, 13, 32, 7, 1
2015/6/10, 31, 15, 47, 8, 1
2015/6/11, 37, 17, 62, 9, 
2015/6/12, 43, 18, 44, 8, 
2015/6/13, 50, 12, 42, 4, 
2015/6/14, 35, 15, 44, 5, 1
2015/6/15, 44, 18, 35, 7, 
2015/6/16, 47, 13, 32, 7, 1
2015/6/17, 25, 14, 38, 10, 
2015/6/18, 17, 14, 31, 7, 
2015/6/19, 4, 17, 27, 9, 
2015/6/20, 5, 9, 27, 6, 
2015/6/21, 3, 11, 27, 5, 1
2015/6/22, 4, 9, 21, 9, 1
2015/6/23, 2, 10, 27, 8, 
2015/6/24, 3, 16, 37, 7, 
2015/6/25, 5, 14, 42, 10, 
2015/6/26, 5, 19, 47, 12, 1
2015/6/27, 6, 13, 33, 6, 1
2015/6/28, 5, 13, 34, 9, 
2015/6/29, 4, 18, 35, 8, 
2015/6/30, 6, 16, 69, 12, 
2015/7/1, 5, 18, 77, 9, 
2015/1/2, 96, 21, 23, 8, 
2015/1/3, 61, 19, 18, 13, 
2015/1/4, 51, 28, 9, 17, 
2015/1/5, 85, 24, 15, 16, 
2015/1/6, 72, 26, 5, 19, 
2015/1/7, 83, 25, 16, 14, 
2015/1/8, 74, 15, 19, 9, 
2015/1/9, 54, 15, 26, 5, 
2015/1/10, 34, 11, 26, 5, 
2015/1/11, 29, 19, 26, 4, 
2015/1/12, 43, 15, 28, 4, 
2015/1/13, 42, 14, 24, 6, 1
2015/1/14, 48, 10, 28, 7, 
2015/1/15, 31, 11, 27, 4, 
2015/1/16, 34, 19, 27, 3, 1
2015/1/17, 51, 27, 18, 11, 1
2015/1/18, 80, 18, 22, 5, 1
2015/1/19, 59, 25, 9, 25, 2
2015/1/20, 79, 42, 5, 23, 
2015/1/21, 123, 35, 8, 20, 3
2015/1/22, 105, 43, 1, 20, 2
2015/1/23, 133, 47, 3, 22, 2
2015/1/24, 145, 31, 16, 18, 2
2015/1/25, 93, 36, 10, 18, 3
2015/1/26, 90, 20, 17, 15, 2
2015/1/27, 65, 26, 18, 19, 2
2015/1/28, 69, 17, 23, 10, 2
2015/1/29, 59, 11, 26, 7, 1
2015/1/30, 40, 14, 23, 12, 
2015/1/31, 52, 23, 16, 13, 2
2015/2/1, 78, 14, 20, 11, 1
2015/2/2, 56, 18, 23, 13, 
2015/2/3, 55, 35, 8, 27, 2
2015/2/4, 103, 22, 14, 28, 3
2015/2/5, 70, 22, 11, 19, 2
2015/2/6, 85, 27, 15, 12, 2
2015/2/7, 102, 26, 18, 18, 2
2015/2/8, 110, 32, 27, 13, 2
2015/2/9, 89, 41, 9, 21, 2
2015/2/10, 99, 29, 14, 20, 
2015/2/11, 81, 30, 14, 16, 2
2015/2/12, 93, 48, 8, 24, 3
2015/2/13, 136, 43, 25, 16, 3
2015/2/14, 123, 15, 27, 7, 2
2015/2/15, 51, 28, 20, 14, 
2015/2/16, 88, 55, 11, 18, 2
2015/2/17, 155, 35, 18, 16, 2
2015/2/18, 94, 31, 7, 24, 2
2015/2/19, 93, 39, 20, 10, 2
2015/2/20, 118, 18, 26, 6, 1
2015/2/21, 64, 16, 28, 11, 
2015/2/22, 52, 28, 25, 12, 2
2015/2/23, 85, 10, 30, 7, 1
2015/2/24, 29, 15, 29, 10, 1
2015/2/25, 38, 19, 22, 16, 2
2015/2/26, 55, 18, 20, 12, 1
2015/2/27, 61, 25, 29, 16, 1
2015/2/28, 53, 21, 32, 12, 2
2015/3/1, 56, 17, 33, 5, 1
2015/3/2, 46, 12, 32, 8, 
2015/3/3, 31, 6, 27, 8, 1
2015/3/4, 13, 13, 24, 14, 1
2015/3/5, 28, 21, 20, 23, 2
2015/3/6, 52, 25, 22, 16, 
2015/3/7, 64, 22, 31, 8, 2
2015/3/8, 63, 21, 32, 6, 
2015/3/9, 64, 25, 21, 10, 
2015/3/10, 71, 27, 22, 15, 1
2015/3/11, 72, 23, 18, 18, 2
2015/3/12, 63, 20, 25, 19, 2
2015/3/13, 54, 21, 23, 14, 
2015/3/14, 60, 26, 20, 10, 2
2015/3/15, 79, 28, 11, 9, 2
2015/3/16, 85, 32, 13, 15, 2
2015/3/17, 91, 47, 22, 27, 3
2015/3/18, 123, 58, 17, 23, 3
2015/3/19, 153, 45, 23, 14, 2
2015/3/20, 119, 71, 12, 19, 2
2015/3/21, 165, 31, 27, 9, 2
2015/3/22, 76, 12, 22, 8, 1
2015/3/23, 46, 26, 10, 20, 2
2015/3/24, 75, 36, 27, 20, 2
2015/3/25, 95, 18, 20, 16, 2
2015/3/26, 58, 15, 25, 12, 1
2015/3/27, 51, 19, 26, 14, 
2015/3/28, 44, 13, 21, 10, 1
2015/3/29, 44, 8, 31, 2, 1
2015/3/30, 26, 11, 32, 5, 
2015/3/31, 26, 8, 34, 4, 
2015/4/1, 21, 14, 31, 5, 
2014/10/2, 70, 25, 12, 17, 1
2014/10/3, 60, 28, 24, 15, 1
2014/10/4, 68, 26, 14, 9, 1
2014/10/5, 76, , , 11, 
2014/10/7, 19, 8, 22, 4, 
2014/10/8, 25, 9, 20, 5, 
2014/10/9, 28, 13, 24, 4, 
2014/10/10, 36, 16, 20, 8, 
2014/10/11, 46, 18, 8, 10, 
2014/10/12, 56, 16, 12, 8, 
2014/10/13, 55, 10, 16, 4, 
2014/10/14, 33, , , , 
2014/10/28, 71, 25, 12, 5, 
2014/10/29, 83, 25, 12, 10, 
2014/10/30, 82, 31, 12, 11, 
2014/10/31, 95, 21, 15, 10, 
2014/11/1, 71, 14, 15, 5, 
2014/11/19, 112, 36, 2, 15, 2
2014/11/20, 99, 35, 1, 17, 2
2014/11/21, 95, 30, 3, 16, 2
2014/11/22, 86, 25, 8, 14, 2
2014/11/23, 79, 25, 12, 10, 1
2014/11/24, 73, 20, 22, 23, 2
2014/11/25, 52, 24, 7, 21, 2
2014/11/26, 67, 29, 4, 13, 1
2014/11/27, 85, 20, 1, 14, 1
2014/11/28, 66, 23, 3, 15, 
2014/11/29, 72, 28, 3, 13, 1
2014/11/30, 86, 24, 1, 10, 1
2014/12/1, 78, 33, 1, 14, 2
2014/12/2, 105, 42, 1, 15, 2
2014/12/3, 124, 38, 4, 16, 2
2014/12/4, 116, 54, 1, 16, 
2014/12/5, 153, 42, 1, 13, 3
2014/12/6, 115, 25, 12, 24, 3
2014/12/7, 73, 26, 16, 15, 3
2014/12/8, 80, 18, 14, 18, 3
2014/12/9, 56, 20, 14, 20, 2
2014/12/10, 55, 16, 23, 12, 2
2014/12/11, 48, 13, 24, 10, 
2014/12/12, 37, 11, 27, 7, 1
2014/12/13, 36, 18, 18, 17, 2
2014/12/14, 57, 25, 16, 12, 
2014/12/15, 79, 19, 9, 14, 1
2014/12/16, 67, 27, 8, 21, 2
2014/12/17, 79, 17, 21, 13, 1
2014/12/18, 54, 12, 21, 7, 1
2014/12/19, 37, 11, 22, 10, 
2014/12/20, 34, 16, 24, 8, 
2014/12/21, 44, 17, 25, 8, 
2014/12/22, 50, 11, 28, 4, 
2014/12/23, 38, 10, 25, 5, 
2014/12/24, 32, 13, 24, 5, 
2014/12/25, 45, 18, 19, 7, 
2014/12/26, 49, 23, 16, 11, 
2014/12/27, 70, 10, 20, 10, 
2014/12/28, 37, 19, 17, 12, 
2014/12/29, 68, , , , 
2014/7/2, 30, 15, 38, 9, 1
2014/7/3, 41, 19, 52, 9, 2
2014/7/4, 48, 15, 44, 9, 1
2014/7/5, 40, 9, 26, 3, 1
2014/7/6, 28, 10, 23, 3, 
2014/7/7, 21, 12, 29, 4, 
2014/7/8, 30, 15, 27, 12, 1
2014/7/9, 51, 13, 22, 8, 1
2014/7/10, 42, 27, 25, 7, 
2014/7/11, 77, 16, 23, 7, 
2014/7/12, 53, 17, 22, 5, 
2014/7/13, 56, 13, 22, 3, 
2014/7/14, 39, 20, 33, 4, 
2014/7/15, 42, 12, 23, 5, 
2014/7/16, 30, 13, 38, 6, 
2014/7/17, 43, 20, 48, 11, 1
2014/7/18, 58, 22, 59, 6, 
2014/7/19, 66, 24, 46, 5, 2
2014/7/20, 60, 17, 37, 4, 1
2014/7/21, 51, 25, 44, 4, 
2014/7/22, 77, 24, 46, 6, 1
2014/7/23, 69, 26, 52, 9, 3
2014/7/24, 72, 21, 45, 7, 2
2014/7/25, 59, 20, 38, 7, 2
2014/7/26, 60, 23, 45, 4, 1
2014/7/27, 74, 28, 43, 3, 
2014/7/28, 82, 19, 37, 6, 1
2014/7/29, 55, 25, 29, 9, 1
2014/7/30, 66, 16, 30, 5, 1
2014/7/31, 44, 16, 39, 7, 
2014/8/1, 44, 26, 56, 8, 
2014/8/2, 66, 21, 37, 6, 
2014/8/3, 62, 11, 31, 5, 
2014/8/4, 29, 14, 33, 7, 
2014/8/5, 33, 16, 35, 6, 
2014/8/6, 41, 13, 24, 6, 1
2014/8/7, 35, 17, 33, 5, 
2014/8/8, 47, 19, 20, 7, 
2014/8/9, 56, 12, 30, 2, 
2014/8/10, 31, 12, 26, 3, 
2014/8/11, 34, 12, 26, 2, 
2014/8/12, 19, 9, 25, 3, 
2014/8/13, 18, 10, 29, 4, 
2014/8/14, 20, 11, 22, 5, 1
2014/8/15, 21, 9, 28, 3, 
2014/8/16, 21, 12, 31, 4, 1
2014/8/17, 26, 10, 26, 3, 
2014/8/19, 21, 12, 27, 6, 1
2014/8/20, 26, 10, 26, 7, 1
2014/8/21, 29, 14, 29, 6, 1
2014/8/22, 38, 11, 23, 6, 
2014/8/23, 27, 11, 32, 4, 1
2014/8/24, 31, 10, 33, 4, 1
2014/8/25, 35, 13, 19, 8, 
2014/8/26, 40, 7, 18, 8, 1
2014/8/27, 20, 22, 17, 9, 
2014/8/28, 72, 12, 17, 6, 
2014/8/29, 34, 11, 26, 4, 
2014/8/30, 25, 12, 22, 3, 
2014/8/31, 31, 13, 24, 4, 
2014/9/1, 33, 15, 32, 8, 
2014/9/2, 47, 26, 32, 10, 
2014/9/3, 76, 21, 29, 9, 1
2014/9/4, 65, 27, 25, 10, 1
2014/9/5, 82, 37, 35, 12, 1
2014/9/6, 103, 62, 24, 13, 1
2014/9/7, 158, 38, 36, 11, 2
2014/9/8, 109, 42, 29, 13, 2
2014/9/9, 120, 21, 26, 11, 2
2014/9/10, 64, 19, 22, 10, 1
2014/9/11, 52, 31, 23, 14, 2
2014/9/12, 85, 23, 32, 12, 1
2014/9/13, 68, 27, 33, 8, 1
2014/9/14, 83, 27, 30, 6, 
2014/9/15, 84, 22, 31, 11, 1
2014/9/16, 69, 23, 32, 15, 1
2014/9/17, 67, 27, 41, 13, 1
2014/9/18, 74, 22, 23, 12, 1
2014/9/19, 63, 20, 30, 12, 
2014/9/20, 58, 30, 30, 11, 
2014/9/21, 86, 23, 31, 3, 1
2014/9/22, 69, 30, 27, 8, 6
2014/9/23, 78, 42, 20, 14, 12
2014/9/24, 115, 44, 15, 14, 10
2014/9/25, 130, 15, 20, 10, 3
2014/9/26, 38, 18, 18, 11, 1
2014/9/27, 44, 19, 15, 9, 1
2014/9/28, 62, 16, 24, 8, 
2014/9/29, 54, 20, 18, 11, 
2014/9/30, 62, 27, 30, 8, 
2014/10/1, 77, 26, 25, 11, 
2014/4/2, 87, 46, 29, 14, 2
2014/4/3, 85, 41, 32, 12, 1
2014/4/4, 72, 34, 18, 14, 
2014/4/5, 79, 26, 35, 6, 1
2014/4/6, 76, 20, 23, 7, 1
2014/4/7, 69, 16, 22, 5, 1
2014/4/8, 55, 16, 32, 5, 
2014/4/9, 22, 23, 33, 8, 
2014/4/10, 35, 29, 31, 13, 1
2014/4/11, 54, 39, 31, 16, 2
2014/4/12, 69, 29, 36, 8, 1
2014/4/13, 64, 26, 37, 5, 1
2014/4/14, 47, 23, 34, 7, 
2014/4/15, 33, 22, 29, 12, 2
2014/4/16, 27, 26, 35, 9, 2
2014/4/17, 44, 21, 35, 8, 1
2014/4/18, 41, 21, 34, 7, 1
2014/4/19, 36, 24, 36, 5, 1
2014/4/20, 40, 41, 38, 5, 1
2014/4/21, 90, 28, 38, 10, 
2014/4/22, 63, 22, 35, 6, 1
2014/4/23, 53, 21, 39, 10, 
2014/4/24, 50, 41, 26, 25, 2
2014/4/25, 95, 27, 38, 7, 2
2014/4/26, 60, 18, 36, 3, 1
2014/4/27, 43, 11, 33, 3, 
2014/4/28, 19, 13, 33, 7, 
2014/4/29, 21, 25, 25, 14, 
2014/4/30, 56, 39, 32, 14, 1
2014/5/1, 88, 35, 36, 11, 1
2014/5/2, 73, 28, 29, 11, 1
2014/5/3, 59, 17, 36, 5, 
2014/5/4, 29, 25, 46, 10, 1
2014/5/5, 57, 28, 47, 12, 
2014/5/6, 65, 20, 39, 8, 1
2014/5/7, 41, 15, 33, 5, 
2014/5/8, 19, 14, 29, 4, 
2014/5/9, 14, 17, 33, 3, 
2014/5/10, 20, 17, 30, 4, 
2014/5/11, 23, 17, 33, 2, 
2014/5/12, 20, 15, 30, 6, 
2014/5/13, 18, 15, 33, 9, 
2014/5/14, 26, 21, 35, 10, 1
2014/5/15, 40, 19, 32, 10, 1
2014/5/16, 30, 22, 37, 11, 
2014/5/17, 43, 27, 43, 10, 
2014/5/18, 57, 24, 42, 6, 1
2014/5/19, 52, 21, 50, 7, 
2014/5/20, 49, 17, 42, 5, 
2014/5/21, 29, 18, 31, 8, 
2014/5/22, 33, 16, 36, 4, 
2014/5/23, 21, 18, 35, 8, 
2014/5/24, 33, 14, 34, 6, 
2014/5/25, 23, 13, 38, 4, 
2014/5/26, 19, 30, 24, 18, 1
2014/5/27, 63, 38, 22, 9, 
2014/5/28, 86, 19, 22, 7, 1
2014/5/29, 40, 17, 36, 8, 
2014/5/30, 42, 27, 26, 9, 1
2014/5/31, 63, 27, 40, 10, 1
2014/6/1, 63, 24, 43, 9, 2
2014/6/2, 55, 31, 44, 12, 2
2014/6/3, 69, 27, 33, 14, 2
2014/6/4, 56, 14, 22, 9, 1
2014/6/5, 30, 15, 30, 5, 
2014/6/6, 21, 18, 46, 11, 1
2014/6/7, 36, 24, 43, 9, 
2014/6/8, 53, 26, 50, 9, 1
2014/6/9, 60, 20, 38, 6, 1
2014/6/10, 48, 15, 33, 7, 
2014/6/11, 35, 31, 35, 8, 1
2014/6/12, 39, 22, 42, 11, 1
2014/6/13, 27, 21, 39, 11, 2
2014/6/14, 56, 17, 35, 8, 2
2014/6/15, 42, 17, 37, 6, 1
2014/6/16, 31, 14, 26, 9, 1
2014/6/17, 22, 26, 26, 12, 1
2014/6/18, 45, 17, 22, 9, 2
2014/6/19, 26, 14, 24, 10, 1
2014/6/20, 38, 14, 21, 8, 1
2014/6/21, 23, 13, 39, 9, 1
2014/6/22, 33, 17, 35, 8, 2
2014/6/23, 48, 10, 31, 6, 1
2014/6/24, 25, 16, 31, 13, 2
2014/6/25, 46, 9, 27, 8, 2
2014/6/26, 19, 20, 43, 8, 2
2014/6/27, 53, 19, 33, 15, 1
2014/6/28, 51, 12, 21, 6, 1
2014/6/29, 35, 14, 23, 6, 
2014/6/30, 51, 12, 31, 7, 
2014/7/1, 30, 11, 32, 10, 1
2014/1/2, 41, 11, 24, 5, 
2014/1/3, 39, 15, 29, 2, 
2014/1/4, 47, 17, 28, 3, 
2014/1/5, 47, 12, 25, 3, 1
2014/1/6, 44, 10, 24, 4, 1
2014/1/7, 38, 16, 27, 4, 
2014/1/8, 50, 11, 24, 5, 1
2014/1/9, 44, 14, 23, 6, 
2014/1/10, 50, 19, 19, 9, 1
2014/1/11, 59, 21, 19, 12, 
2014/1/12, 66, 25, 19, 15, 2
2014/1/13, 73, 25, 17, 9, 1
2014/1/14, 66, 18, 19, 11, 
2014/1/15, 61, 15, 19, 8, 
2014/1/16, 51, 14, 24, 6, 
2014/1/17, 56, 13, 25, 4, 1
2014/1/18, 47, 14, 19, 9, 1
2014/1/19, 49, 18, 15, 11, 2
2014/1/20, 63, 25, 10, 23, 2
2014/1/21, 73, 25, 19, 14, 2
2014/1/22, 77, 16, 20, 9, 1
2014/1/23, 58, 19, 17, 9, 1
2014/1/24, 62, 23, 15, 18, 1
2014/1/25, 55, 19, 32, 7, 2
2014/1/26, 54, 15, 26, 3, 1
2014/1/27, 40, 12, 26, 5, 1
2014/1/28, 36, 10, 23, 4, 1
2014/1/29, 34, 17, 19, 11, 1
2014/1/30, 57, 29, 11, 16, 2
2014/1/31, 83, 30, 24, 15, 3
2014/2/1, 84, 10, 25, 4, 2
2014/2/2, 33, 17, 22, 4, 
2014/2/3, 47, 16, 18, 9, 
2014/2/4, 49, 13, 26, 4, 2
2014/2/5, 40, 10, 28, 3, 1
2014/2/6, 35, 15, 27, 4, 
2014/2/7, 39, 10, 24, 5, 1
2014/2/8, 34, 8, 31, 2, 
2014/2/9, 30, 13, 30, 1, 1
2014/2/10, 36, 14, 22, 16, 1
2014/2/11, 45, 16, 27, 5, 2
2014/2/12, 47, 13, 28, 3, 1
2014/2/13, 40, 15, 28, 9, 2
2014/2/14, 44, 12, 23, 6, 1
2014/2/15, 40, 14, 30, 2, 1
2014/2/16, 36, 15, 26, 7, 
2014/2/17, 47, 18, 23, 6, 2
2014/2/18, 50, 21, 20, 12, 1
2014/2/19, 60, 24, 18, 11, 2
2014/2/20, 70, 14, 26, 5, 1
2014/2/21, 50, 13, 26, 7, 
2014/2/22, 42, 15, 25, 5, 2
2014/2/23, 52, 13, 29, 2, 
2014/2/24, 50, 15, 26, 6, 1
2014/2/25, 51, 15, 27, 4, 
2014/2/26, 51, 19, 23, 8, 1
2014/2/27, 57, 19, 23, 7, 2
2014/2/28, 54, 17, 23, 9, 
2014/3/1, 54, 18, 19, 7, 
2014/3/2, 60, 24, 30, 5, 2
2014/3/3, 70, 13, 29, 5, 2
2014/3/4, 46, 18, 21, 13, 2
2014/3/5, 61, 35, 22, 21, 3
2014/3/6, 89, 40, 29, 22, 4
2014/3/7, 97, 47, 27, 15, 3
2014/3/8, 122, 45, 27, 16, 3
2014/3/9, 112, 33, 38, 9, 3
2014/3/10, 94, 49, 20, 25, 4
2014/3/11, 124, 65, 21, 12, 3
2014/3/12, 159, 64, 16, 23, 2
2014/3/13, 156, 72, 17, 36, 5
2014/3/14, 162, 74, 26, 27, 6
2014/3/15, 166, 48, 26, 8, 3
2014/3/16, 110, 29, 27, 7, 2
2014/3/17, 78, 38, 17, 12, 2
2014/3/18, 93, 27, 27, 6, 2
2014/3/19, 71, 28, 22, 7, 
2014/3/20, 63, 25, 35, 6, 
2014/3/21, 60, 20, 29, 10, 
2014/3/22, 62, 15, 33, 6, 
2014/3/23, 51, 12, 30, 3, 1
2014/3/24, 47, 19, 25, 15, 2
2014/3/25, 61, 26, 26, 14, 3
2014/3/26, 77, 30, 10, 24, 3
2014/3/27, 82, 35, 6, 22, 4
2014/3/28, 100, 47, 2, 25, 3
2014/3/29, 127, 33, 10, 21, 2
2014/3/30, 93, 25, 19, 20, 
2014/3/31, 76, 35, 4, 28, 2
2014/4/1, 89, 41, , 19, 1
2024/4/7, , 6, , , 
2024/4/9, , 8, , , 
2023/2/26, , 7, 30, 5, 1
2022/1/31, , 15, , , 
2021/1/12, , 9, 22, 9, 
2020/12/11, , 8, 12, 5, 
2020/4/1, , 16, 31, 8, 1
2020/5/25, , 13, 35, 5, 
2020/1/1, , 16, 11, 7, 
2020/3/15, , 8, 30, 1, 
2019/1/1, , 12, 23, 3, 
2018/1/1, , 5, 29, 2, 
2017/9/10, , 10, , , 
2016/9/12, , 15, 36, 6, 
2016/9/26, , 17, 13, 15, 
2016/1/29, , 7, 24, 4, 16
2016/1/1, , 10, , , 
2015/1/1, , 32, 23, 8, 1
2014/10/6, , 7, 18, 5, 1
2014/10/27, , 20, 15, 2, 
2014/11/3, , 10, 25, 3, 
2014/11/4, , 14, 23, 13, 
2014/11/5, , 21, 13, 13, 
2014/11/6, , 27, 15, 14, 
2014/11/7, , 14, 21, 7, 
2014/11/8, , 14, 22, 5, 
2014/11/9, , 17, 19, 7, 
2014/11/10, , 17, 24, 8, 
2014/11/11, , 12, 19, 8, 
2014/11/12, , 16, 20, 13, 
2014/11/13, , 20, 13, 11, 
2014/11/14, , 20, 4, 16, 
2014/11/15, , 16, 15, 15, 
2014/11/16, , 19, 10, 12, 
2014/11/17, , 12, 20, 12, 
2014/11/18, , 30, 2, 18, 1
2014/8/18, , 11, 23, 4, 1
2014/1/1, , 11, 27, 1, 1
2016/1/24, , , 21, 4, 
2016/1/25, , , 18, 7, 
2016/1/26, , , 15, 9, 
2016/1/27, , , 19, 5, 
2016/1/28, , , 21, 13, 15
2021/1/11, , , , , 